date,item_id,units_sold,price,promotion,day_of_week
2024-01-01,BEV-COLA-330,83,1.8,0,Mon
2024-01-02,BEV-COLA-330,78,1.76,0,Tue
2024-01-03,BEV-COLA-330,72,1.75,0,Wed
2024-01-04,BEV-COLA-330,81,1.75,0,Thu
2024-01-05,BEV-COLA-330,83,1.77,0,Fri
2024-01-06,BEV-COLA-330,111,1.8,0,Sat
2024-01-07,BEV-COLA-330,116,1.73,0,Sun
2024-01-08,BEV-COLA-330,79,1.8,0,Mon
2024-01-09,BEV-COLA-330,78,1.76,0,Tue
2024-01-10,BEV-COLA-330,74,1.77,0,Wed
2024-01-11,BEV-COLA-330,69,1.83,0,Thu
2024-01-12,BEV-COLA-330,85,1.8,0,Fri
2024-01-13,BEV-COLA-330,115,1.78,0,Sat
2024-01-14,BEV-COLA-330,114,1.8,0,Sun
2024-01-15,BEV-COLA-330,82,1.77,0,Mon
2024-01-16,BEV-COLA-330,63,1.84,0,Tue
2024-01-17,BEV-COLA-330,77,1.82,0,Wed
2024-01-18,BEV-COLA-330,97,1.78,0,Thu
2024-01-19,BEV-COLA-330,67,1.82,0,Fri
2024-01-20,BEV-COLA-330,121,1.8,0,Sat
2024-01-21,BEV-COLA-330,124,1.79,0,Sun
2024-01-22,BEV-COLA-330,84,1.8,0,Mon
2024-01-23,BEV-COLA-330,70,1.84,0,Tue
2024-01-24,BEV-COLA-330,75,1.81,0,Wed
2024-01-25,BEV-COLA-330,166,1.35,1,Thu
2024-01-26,BEV-COLA-330,188,1.34,1,Fri
2024-01-27,BEV-COLA-330,297,1.37,1,Sat
2024-01-28,BEV-COLA-330,113,1.76,0,Sun
2024-01-29,BEV-COLA-330,63,1.82,0,Mon
2024-01-30,BEV-COLA-330,81,1.79,0,Tue
2024-01-31,BEV-COLA-330,84,1.83,0,Wed
2024-02-01,BEV-COLA-330,80,1.79,0,Thu
2024-02-02,BEV-COLA-330,96,1.79,0,Fri
2024-02-03,BEV-COLA-330,117,1.79,0,Sat
2024-02-04,BEV-COLA-330,117,1.81,0,Sun
2024-02-05,BEV-COLA-330,75,1.79,0,Mon
2024-02-06,BEV-COLA-330,80,1.8,0,Tue
2024-02-07,BEV-COLA-330,86,1.83,0,Wed
2024-02-08,BEV-COLA-330,90,1.8,0,Thu
2024-02-09,BEV-COLA-330,94,1.79,0,Fri
2024-02-10,BEV-COLA-330,130,1.8,0,Sat
2024-02-11,BEV-COLA-330,133,1.77,0,Sun
2024-02-12,BEV-COLA-330,72,1.75,0,Mon
2024-02-13,BEV-COLA-330,79,1.79,0,Tue
2024-02-14,BEV-COLA-330,106,1.8,0,Wed
2024-02-15,BEV-COLA-330,84,1.78,0,Thu
2024-02-16,BEV-COLA-330,91,1.81,0,Fri
2024-02-17,BEV-COLA-330,125,1.8,0,Sat
2024-02-18,BEV-COLA-330,132,1.82,0,Sun
2024-02-19,BEV-COLA-330,92,1.77,0,Mon
2024-02-20,BEV-COLA-330,80,1.8,0,Tue
2024-02-21,BEV-COLA-330,81,1.81,0,Wed
2024-02-22,BEV-COLA-330,89,1.83,0,Thu
2024-02-23,BEV-COLA-330,86,1.8,0,Fri
2024-02-24,BEV-COLA-330,106,1.8,0,Sat
2024-02-25,BEV-COLA-330,144,1.77,0,Sun
2024-02-26,BEV-COLA-330,254,1.31,1,Mon
2024-02-27,BEV-COLA-330,253,1.31,1,Tue
2024-02-28,BEV-COLA-330,247,1.33,1,Wed
2024-02-29,BEV-COLA-330,80,1.8,0,Thu
2024-03-01,BEV-COLA-330,105,1.83,0,Fri
2024-03-02,BEV-COLA-330,135,1.8,0,Sat
2024-03-03,BEV-COLA-330,126,1.8,0,Sun
2024-03-04,BEV-COLA-330,88,1.83,0,Mon
2024-03-05,BEV-COLA-330,90,1.8,0,Tue
2024-03-06,BEV-COLA-330,88,1.78,0,Wed
2024-03-07,BEV-COLA-330,94,1.83,0,Thu
2024-03-08,BEV-COLA-330,96,1.83,0,Fri
2024-03-09,BEV-COLA-330,144,1.78,0,Sat
2024-03-10,BEV-COLA-330,150,1.78,0,Sun
2024-03-11,BEV-COLA-330,100,1.79,0,Mon
2024-03-12,BEV-COLA-330,99,1.76,0,Tue
2024-03-13,BEV-COLA-330,91,1.84,0,Wed
2024-03-14,BEV-COLA-330,111,1.77,0,Thu
2024-03-15,BEV-COLA-330,85,1.84,0,Fri
2024-03-16,BEV-COLA-330,144,1.79,0,Sat
2024-03-17,BEV-COLA-330,175,1.75,0,Sun
2024-03-18,BEV-COLA-330,107,1.8,0,Mon
2024-03-19,BEV-COLA-330,115,1.78,0,Tue
2024-03-20,BEV-COLA-330,108,1.79,0,Wed
2024-03-21,BEV-COLA-330,99,1.77,0,Thu
2024-03-22,BEV-COLA-330,99,1.84,0,Fri
2024-03-23,BEV-COLA-330,157,1.81,0,Sat
2024-03-24,BEV-COLA-330,154,1.79,0,Sun
2024-03-25,BEV-COLA-330,105,1.82,0,Mon
2024-03-26,BEV-COLA-330,112,1.8,0,Tue
2024-03-27,BEV-COLA-330,116,1.83,0,Wed
2024-03-28,BEV-COLA-330,106,1.81,0,Thu
2024-03-29,BEV-COLA-330,132,1.76,0,Fri
2024-03-30,BEV-COLA-330,377,1.37,1,Sat
2024-03-31,BEV-COLA-330,421,1.36,1,Sun
2024-04-01,BEV-COLA-330,291,1.37,1,Mon
2024-04-02,BEV-COLA-330,137,1.79,0,Tue
2024-04-03,BEV-COLA-330,133,1.77,0,Wed
2024-04-04,BEV-COLA-330,128,1.81,0,Thu
2024-04-05,BEV-COLA-330,130,1.85,0,Fri
2024-04-06,BEV-COLA-330,151,1.77,0,Sat
2024-04-07,BEV-COLA-330,155,1.82,0,Sun
2024-04-08,BEV-COLA-330,132,1.8,0,Mon
2024-04-09,BEV-COLA-330,102,1.76,0,Tue
2024-04-10,BEV-COLA-330,123,1.81,0,Wed
2024-04-11,BEV-COLA-330,127,1.79,0,Thu
2024-04-12,BEV-COLA-330,109,1.78,0,Fri
2024-04-13,BEV-COLA-330,165,1.8,0,Sat
2024-04-14,BEV-COLA-330,203,1.76,0,Sun
2024-04-15,BEV-COLA-330,133,1.8,0,Mon
2024-04-16,BEV-COLA-330,124,1.77,0,Tue
2024-04-17,BEV-COLA-330,122,1.77,0,Wed
2024-04-18,BEV-COLA-330,118,1.81,0,Thu
2024-04-19,BEV-COLA-330,134,1.81,0,Fri
2024-04-20,BEV-COLA-330,155,1.85,0,Sat
2024-04-21,BEV-COLA-330,186,1.82,0,Sun
2024-04-22,BEV-COLA-330,114,1.8,0,Mon
2024-04-23,BEV-COLA-330,146,1.79,0,Tue
2024-04-24,BEV-COLA-330,136,1.8,0,Wed
2024-04-25,BEV-COLA-330,153,1.79,0,Thu
2024-04-26,BEV-COLA-330,106,1.8,0,Fri
2024-04-27,BEV-COLA-330,163,1.78,0,Sat
2024-04-28,BEV-COLA-330,212,1.71,0,Sun
2024-04-29,BEV-COLA-330,132,1.84,0,Mon
2024-04-30,BEV-COLA-330,131,1.77,0,Tue
2024-05-01,BEV-COLA-330,137,1.83,0,Wed
2024-05-02,BEV-COLA-330,140,1.8,0,Thu
2024-05-03,BEV-COLA-330,153,1.8,0,Fri
2024-05-04,BEV-COLA-330,208,1.81,0,Sat
2024-05-05,BEV-COLA-330,530,1.33,1,Sun
2024-05-06,BEV-COLA-330,382,1.34,1,Mon
2024-05-07,BEV-COLA-330,352,1.32,1,Tue
2024-05-08,BEV-COLA-330,126,1.8,0,Wed
2024-05-09,BEV-COLA-330,157,1.85,0,Thu
2024-05-10,BEV-COLA-330,159,1.79,0,Fri
2024-05-11,BEV-COLA-330,155,1.81,0,Sat
2024-05-12,BEV-COLA-330,210,1.81,0,Sun
2024-05-13,BEV-COLA-330,132,1.8,0,Mon
2024-05-14,BEV-COLA-330,148,1.79,0,Tue
2024-05-15,BEV-COLA-330,149,1.83,0,Wed
2024-05-16,BEV-COLA-330,173,1.8,0,Thu
2024-05-17,BEV-COLA-330,147,1.79,0,Fri
2024-05-18,BEV-COLA-330,271,1.75,0,Sat
2024-05-19,BEV-COLA-330,232,1.83,0,Sun
2024-05-20,BEV-COLA-330,151,1.82,0,Mon
2024-05-21,BEV-COLA-330,148,1.81,0,Tue
2024-05-22,BEV-COLA-330,157,1.79,0,Wed
2024-05-23,BEV-COLA-330,155,1.84,0,Thu
2024-05-24,BEV-COLA-330,146,1.8,0,Fri
2024-05-25,BEV-COLA-330,269,1.78,0,Sat
2024-05-26,BEV-COLA-330,226,1.81,0,Sun
2024-05-27,BEV-COLA-330,141,1.79,0,Mon
2024-05-28,BEV-COLA-330,171,1.8,0,Tue
2024-05-29,BEV-COLA-330,156,1.79,0,Wed
2024-05-30,BEV-COLA-330,162,1.79,0,Thu
2024-05-31,BEV-COLA-330,163,1.76,0,Fri
2024-06-01,BEV-COLA-330,258,1.78,0,Sat
2024-06-02,BEV-COLA-330,252,1.78,0,Sun
2024-06-03,BEV-COLA-330,148,1.84,0,Mon
2024-06-04,BEV-COLA-330,168,1.78,0,Tue
2024-06-05,BEV-COLA-330,145,1.8,0,Wed
2024-06-06,BEV-COLA-330,451,1.36,1,Thu
2024-06-07,BEV-COLA-330,381,1.34,1,Fri
2024-06-08,BEV-COLA-330,594,1.33,1,Sat
2024-06-09,BEV-COLA-330,219,1.77,0,Sun
2024-06-10,BEV-COLA-330,143,1.83,0,Mon
2024-06-11,BEV-COLA-330,182,1.83,0,Tue
2024-06-12,BEV-COLA-330,171,1.81,0,Wed
2024-06-13,BEV-COLA-330,152,1.85,0,Thu
2024-06-14,BEV-COLA-330,146,1.78,0,Fri
2024-06-15,BEV-COLA-330,276,1.8,0,Sat
2024-06-16,BEV-COLA-330,210,1.83,0,Sun
2024-06-17,BEV-COLA-330,162,1.78,0,Mon
2024-06-18,BEV-COLA-330,161,1.81,0,Tue
2024-06-19,BEV-COLA-330,170,1.81,0,Wed
2024-06-20,BEV-COLA-330,169,1.79,0,Thu
2024-06-21,BEV-COLA-330,164,1.81,0,Fri
2024-06-22,BEV-COLA-330,286,1.81,0,Sat
2024-06-23,BEV-COLA-330,239,1.82,0,Sun
2024-06-24,BEV-COLA-330,186,1.75,0,Mon
2024-06-25,BEV-COLA-330,154,1.75,0,Tue
2024-06-26,BEV-COLA-330,176,1.82,0,Wed
2024-06-27,BEV-COLA-330,140,1.8,0,Thu
2024-06-28,BEV-COLA-330,160,1.79,0,Fri
2024-06-29,BEV-COLA-330,294,1.82,0,Sat
2024-06-30,BEV-COLA-330,224,1.81,0,Sun
2024-07-01,BEV-COLA-330,175,1.77,0,Mon
2024-07-02,BEV-COLA-330,150,1.8,0,Tue
2024-07-03,BEV-COLA-330,150,1.8,0,Wed
2024-07-04,BEV-COLA-330,181,1.83,0,Thu
2024-07-05,BEV-COLA-330,156,1.83,0,Fri
2024-07-06,BEV-COLA-330,241,1.81,0,Sat
2024-07-07,BEV-COLA-330,242,1.79,0,Sun
2024-07-08,BEV-COLA-330,153,1.76,0,Mon
2024-07-09,BEV-COLA-330,163,1.82,0,Tue
2024-07-10,BEV-COLA-330,442,1.35,1,Wed
2024-07-11,BEV-COLA-330,396,1.31,1,Thu
2024-07-12,BEV-COLA-330,418,1.35,1,Fri
2024-07-13,BEV-COLA-330,276,1.79,0,Sat
2024-07-14,BEV-COLA-330,215,1.81,0,Sun
2024-07-15,BEV-COLA-330,191,1.77,0,Mon
2024-07-16,BEV-COLA-330,136,1.81,0,Tue
2024-07-17,BEV-COLA-330,172,1.84,0,Wed
2024-07-18,BEV-COLA-330,156,1.84,0,Thu
2024-07-19,BEV-COLA-330,153,1.79,0,Fri
2024-07-20,BEV-COLA-330,223,1.87,0,Sat
2024-07-21,BEV-COLA-330,220,1.84,0,Sun
2024-07-22,BEV-COLA-330,142,1.8,0,Mon
2024-07-23,BEV-COLA-330,189,1.79,0,Tue
2024-07-24,BEV-COLA-330,195,1.77,0,Wed
2024-07-25,BEV-COLA-330,150,1.81,0,Thu
2024-07-26,BEV-COLA-330,164,1.79,0,Fri
2024-07-27,BEV-COLA-330,232,1.8,0,Sat
2024-07-28,BEV-COLA-330,244,1.78,0,Sun
2024-07-29,BEV-COLA-330,153,1.77,0,Mon
2024-07-30,BEV-COLA-330,184,1.8,0,Tue
2024-07-31,BEV-COLA-330,177,1.76,0,Wed
2024-08-01,BEV-COLA-330,155,1.78,0,Thu
2024-08-02,BEV-COLA-330,155,1.82,0,Fri
2024-08-03,BEV-COLA-330,214,1.84,0,Sat
2024-08-04,BEV-COLA-330,235,1.81,0,Sun
2024-08-05,BEV-COLA-330,181,1.78,0,Mon
2024-08-06,BEV-COLA-330,177,1.8,0,Tue
2024-08-07,BEV-COLA-330,148,1.8,0,Wed
2024-08-08,BEV-COLA-330,167,1.8,0,Thu
2024-08-09,BEV-COLA-330,145,1.83,0,Fri
2024-08-10,BEV-COLA-330,199,1.8,0,Sat
2024-08-11,BEV-COLA-330,209,1.82,0,Sun
2024-08-12,BEV-COLA-330,174,1.75,0,Mon
2024-08-13,BEV-COLA-330,134,1.83,0,Tue
2024-08-14,BEV-COLA-330,370,1.33,1,Wed
2024-08-15,BEV-COLA-330,414,1.33,1,Thu
2024-08-16,BEV-COLA-330,369,1.33,1,Fri
2024-08-17,BEV-COLA-330,213,1.82,0,Sat
2024-08-18,BEV-COLA-330,210,1.81,0,Sun
2024-08-19,BEV-COLA-330,137,1.77,0,Mon
2024-08-20,BEV-COLA-330,147,1.85,0,Tue
2024-08-21,BEV-COLA-330,158,1.81,0,Wed
2024-08-22,BEV-COLA-330,161,1.8,0,Thu
2024-08-23,BEV-COLA-330,135,1.85,0,Fri
2024-08-24,BEV-COLA-330,219,1.76,0,Sat
2024-08-25,BEV-COLA-330,261,1.76,0,Sun
2024-08-26,BEV-COLA-330,140,1.82,0,Mon
2024-08-27,BEV-COLA-330,160,1.76,0,Tue
2024-08-28,BEV-COLA-330,107,1.84,0,Wed
2024-08-29,BEV-COLA-330,138,1.81,0,Thu
2024-08-30,BEV-COLA-330,134,1.83,0,Fri
2024-08-31,BEV-COLA-330,194,1.79,0,Sat
2024-09-01,BEV-COLA-330,266,1.77,0,Sun
2024-09-02,BEV-COLA-330,145,1.82,0,Mon
2024-09-03,BEV-COLA-330,128,1.78,0,Tue
2024-09-04,BEV-COLA-330,155,1.79,0,Wed
2024-09-05,BEV-COLA-330,151,1.8,0,Thu
2024-09-06,BEV-COLA-330,157,1.77,0,Fri
2024-09-07,BEV-COLA-330,248,1.8,0,Sat
2024-09-08,BEV-COLA-330,203,1.85,0,Sun
2024-09-09,BEV-COLA-330,153,1.78,0,Mon
2024-09-10,BEV-COLA-330,332,1.34,1,Tue
2024-09-11,BEV-COLA-330,315,1.35,1,Wed
2024-09-12,BEV-COLA-330,341,1.36,1,Thu
2024-09-13,BEV-COLA-330,143,1.81,0,Fri
2024-09-14,BEV-COLA-330,198,1.78,0,Sat
2024-09-15,BEV-COLA-330,203,1.79,0,Sun
2024-09-16,BEV-COLA-330,144,1.81,0,Mon
2024-09-17,BEV-COLA-330,153,1.76,0,Tue
2024-09-18,BEV-COLA-330,142,1.76,0,Wed
2024-09-19,BEV-COLA-330,115,1.79,0,Thu
2024-09-20,BEV-COLA-330,145,1.8,0,Fri
2024-09-21,BEV-COLA-330,198,1.8,0,Sat
2024-09-22,BEV-COLA-330,188,1.79,0,Sun
2024-09-23,BEV-COLA-330,135,1.79,0,Mon
2024-09-24,BEV-COLA-330,123,1.8,0,Tue
2024-09-25,BEV-COLA-330,140,1.81,0,Wed
2024-09-26,BEV-COLA-330,132,1.8,0,Thu
2024-09-27,BEV-COLA-330,113,1.81,0,Fri
2024-09-28,BEV-COLA-330,201,1.81,0,Sat
2024-09-29,BEV-COLA-330,203,1.81,0,Sun
2024-09-30,BEV-COLA-330,135,1.78,0,Mon
2024-10-01,BEV-COLA-330,137,1.82,0,Tue
2024-10-02,BEV-COLA-330,112,1.81,0,Wed
2024-10-03,BEV-COLA-330,147,1.81,0,Thu
2024-10-04,BEV-COLA-330,310,1.37,1,Fri
2024-10-05,BEV-COLA-330,519,1.32,1,Sat
2024-10-06,BEV-COLA-330,335,1.35,1,Sun
2024-10-07,BEV-COLA-330,110,1.81,0,Mon
2024-10-08,BEV-COLA-330,128,1.76,0,Tue
2024-10-09,BEV-COLA-330,120,1.83,0,Wed
2024-10-10,BEV-COLA-330,149,1.81,0,Thu
2024-10-11,BEV-COLA-330,120,1.84,0,Fri
2024-10-12,BEV-COLA-330,163,1.79,0,Sat
2024-10-13,BEV-COLA-330,195,1.78,0,Sun
2024-10-14,BEV-COLA-330,125,1.81,0,Mon
2024-10-15,BEV-COLA-330,111,1.83,0,Tue
2024-10-16,BEV-COLA-330,133,1.8,0,Wed
2024-10-17,BEV-COLA-330,133,1.82,0,Thu
2024-10-18,BEV-COLA-330,117,1.81,0,Fri
2024-10-19,BEV-COLA-330,157,1.81,0,Sat
2024-10-20,BEV-COLA-330,195,1.76,0,Sun
2024-10-21,BEV-COLA-330,124,1.8,0,Mon
2024-10-22,BEV-COLA-330,122,1.75,0,Tue
2024-10-23,BEV-COLA-330,111,1.78,0,Wed
2024-10-24,BEV-COLA-330,123,1.74,0,Thu
2024-10-25,BEV-COLA-330,119,1.82,0,Fri
2024-10-26,BEV-COLA-330,173,1.78,0,Sat
2024-10-27,BEV-COLA-330,119,1.82,0,Sun
2024-10-28,BEV-COLA-330,121,1.8,0,Mon
2024-10-29,BEV-COLA-330,131,1.82,0,Tue
2024-10-30,BEV-COLA-330,113,1.83,0,Wed
2024-10-31,BEV-COLA-330,120,1.81,0,Thu
2024-11-01,BEV-COLA-330,268,1.34,1,Fri
2024-11-02,BEV-COLA-330,442,1.37,1,Sat
2024-11-03,BEV-COLA-330,378,1.35,1,Sun
2024-11-04,BEV-COLA-330,123,1.81,0,Mon
2024-11-05,BEV-COLA-330,126,1.8,0,Tue
2024-11-06,BEV-COLA-330,111,1.77,0,Wed
2024-11-07,BEV-COLA-330,118,1.79,0,Thu
2024-11-08,BEV-COLA-330,88,1.83,0,Fri
2024-11-09,BEV-COLA-330,164,1.78,0,Sat
2024-11-10,BEV-COLA-330,134,1.78,0,Sun
2024-11-11,BEV-COLA-330,107,1.83,0,Mon
2024-11-12,BEV-COLA-330,99,1.81,0,Tue
2024-11-13,BEV-COLA-330,98,1.83,0,Wed
2024-11-14,BEV-COLA-330,91,1.83,0,Thu
2024-11-15,BEV-COLA-330,108,1.78,0,Fri
2024-11-16,BEV-COLA-330,163,1.78,0,Sat
2024-11-17,BEV-COLA-330,133,1.81,0,Sun
2024-11-18,BEV-COLA-330,98,1.8,0,Mon
2024-11-19,BEV-COLA-330,92,1.82,0,Tue
2024-11-20,BEV-COLA-330,114,1.79,0,Wed
2024-11-21,BEV-COLA-330,111,1.86,0,Thu
2024-11-22,BEV-COLA-330,101,1.8,0,Fri
2024-11-23,BEV-COLA-330,135,1.84,0,Sat
2024-11-24,BEV-COLA-330,149,1.77,0,Sun
2024-11-25,BEV-COLA-330,88,1.81,0,Mon
2024-11-26,BEV-COLA-330,87,1.76,0,Tue
2024-11-27,BEV-COLA-330,87,1.82,0,Wed
2024-11-28,BEV-COLA-330,231,1.35,1,Thu
2024-11-29,BEV-COLA-330,214,1.36,1,Fri
2024-11-30,BEV-COLA-330,292,1.36,1,Sat
2024-12-01,BEV-COLA-330,125,1.79,0,Sun
2024-12-02,BEV-COLA-330,90,1.83,0,Mon
2024-12-03,BEV-COLA-330,93,1.78,0,Tue
2024-12-04,BEV-COLA-330,101,1.79,0,Wed
2024-12-05,BEV-COLA-330,87,1.76,0,Thu
2024-12-06,BEV-COLA-330,117,1.79,0,Fri
2024-12-07,BEV-COLA-330,127,1.83,0,Sat
2024-12-08,BEV-COLA-330,157,1.82,0,Sun
2024-12-09,BEV-COLA-330,89,1.79,0,Mon
2024-12-10,BEV-COLA-330,92,1.83,0,Tue
2024-12-11,BEV-COLA-330,84,1.82,0,Wed
2024-12-12,BEV-COLA-330,99,1.85,0,Thu
2024-12-13,BEV-COLA-330,94,1.82,0,Fri
2024-12-14,BEV-COLA-330,147,1.75,0,Sat
2024-12-15,BEV-COLA-330,137,1.79,0,Sun
2024-12-16,BEV-COLA-330,84,1.82,0,Mon
2024-12-17,BEV-COLA-330,98,1.75,0,Tue
2024-12-18,BEV-COLA-330,88,1.78,0,Wed
2024-12-19,BEV-COLA-330,87,1.78,0,Thu
2024-12-20,BEV-COLA-330,106,1.74,0,Fri
2024-12-21,BEV-COLA-330,140,1.81,0,Sat
2024-12-22,BEV-COLA-330,120,1.85,0,Sun
2024-12-23,BEV-COLA-330,85,1.75,0,Mon
2024-12-24,BEV-COLA-330,86,1.77,0,Tue
2024-12-25,BEV-COLA-330,69,1.8,0,Wed
2024-12-26,BEV-COLA-330,73,1.81,0,Thu
2024-12-27,BEV-COLA-330,85,1.81,0,Fri
2024-12-28,BEV-COLA-330,126,1.79,0,Sat
2024-12-29,BEV-COLA-330,119,1.79,0,Sun
2024-12-30,BEV-COLA-330,92,1.75,0,Mon
2024-12-31,BEV-COLA-330,97,1.85,0,Tue
2025-01-01,BEV-COLA-330,88,1.84,0,Wed
2025-01-02,BEV-COLA-330,101,1.78,0,Thu
2025-01-03,BEV-COLA-330,202,1.35,1,Fri
2025-01-04,BEV-COLA-330,303,1.34,1,Sat
2025-01-05,BEV-COLA-330,297,1.34,1,Sun
2025-01-06,BEV-COLA-330,86,1.77,0,Mon
2025-01-07,BEV-COLA-330,79,1.86,0,Tue
2025-01-08,BEV-COLA-330,92,1.79,0,Wed
2025-01-09,BEV-COLA-330,75,1.82,0,Thu
2025-01-10,BEV-COLA-330,95,1.79,0,Fri
2025-01-11,BEV-COLA-330,125,1.81,0,Sat
2025-01-12,BEV-COLA-330,111,1.84,0,Sun
2025-01-13,BEV-COLA-330,82,1.8,0,Mon
2025-01-14,BEV-COLA-330,66,1.84,0,Tue
2025-01-15,BEV-COLA-330,84,1.78,0,Wed
2025-01-16,BEV-COLA-330,90,1.82,0,Thu
2025-01-17,BEV-COLA-330,69,1.84,0,Fri
2025-01-18,BEV-COLA-330,119,1.82,0,Sat
2025-01-19,BEV-COLA-330,136,1.78,0,Sun
2025-01-20,BEV-COLA-330,71,1.78,0,Mon
2025-01-21,BEV-COLA-330,75,1.79,0,Tue
2025-01-22,BEV-COLA-330,93,1.78,0,Wed
2025-01-23,BEV-COLA-330,100,1.81,0,Thu
2025-01-24,BEV-COLA-330,75,1.79,0,Fri
2025-01-25,BEV-COLA-330,119,1.78,0,Sat
2025-01-26,BEV-COLA-330,139,1.77,0,Sun
2025-01-27,BEV-COLA-330,73,1.78,0,Mon
2025-01-28,BEV-COLA-330,86,1.82,0,Tue
2025-01-29,BEV-COLA-330,89,1.81,0,Wed
2025-01-30,BEV-COLA-330,88,1.82,0,Thu
2025-01-31,BEV-COLA-330,90,1.83,0,Fri
2025-02-01,BEV-COLA-330,135,1.81,0,Sat
2025-02-02,BEV-COLA-330,136,1.76,0,Sun
2025-02-03,BEV-COLA-330,94,1.79,0,Mon
2025-02-04,BEV-COLA-330,112,1.76,0,Tue
2025-02-05,BEV-COLA-330,81,1.8,0,Wed
2025-02-06,BEV-COLA-330,95,1.75,0,Thu
2025-02-07,BEV-COLA-330,86,1.8,0,Fri
2025-02-08,BEV-COLA-330,298,1.35,1,Sat
2025-02-09,BEV-COLA-330,292,1.36,1,Sun
2025-02-10,BEV-COLA-330,243,1.35,1,Mon
2025-02-11,BEV-COLA-330,78,1.87,0,Tue
2025-02-12,BEV-COLA-330,88,1.79,0,Wed
2025-02-13,BEV-COLA-330,82,1.82,0,Thu
2025-02-14,BEV-COLA-330,97,1.79,0,Fri
2025-02-15,BEV-COLA-330,131,1.77,0,Sat
2025-02-16,BEV-COLA-330,112,1.79,0,Sun
2025-02-17,BEV-COLA-330,98,1.76,0,Mon
2025-02-18,BEV-COLA-330,96,1.8,0,Tue
2025-02-19,BEV-COLA-330,100,1.75,0,Wed
2025-02-20,BEV-COLA-330,102,1.82,0,Thu
2025-02-21,BEV-COLA-330,91,1.8,0,Fri
2025-02-22,BEV-COLA-330,134,1.82,0,Sat
2025-02-23,BEV-COLA-330,139,1.77,0,Sun
2025-02-24,BEV-COLA-330,99,1.84,0,Mon
2025-02-25,BEV-COLA-330,93,1.83,0,Tue
2025-02-26,BEV-COLA-330,93,1.83,0,Wed
2025-02-27,BEV-COLA-330,129,1.8,0,Thu
2025-02-28,BEV-COLA-330,96,1.82,0,Fri
2025-03-01,BEV-COLA-330,157,1.8,0,Sat
2025-03-02,BEV-COLA-330,140,1.83,0,Sun
2025-03-03,BEV-COLA-330,109,1.75,0,Mon
2025-03-04,BEV-COLA-330,254,1.35,1,Tue
2025-03-05,BEV-COLA-330,248,1.38,1,Wed
2025-03-06,BEV-COLA-330,219,1.37,1,Thu
2025-03-07,BEV-COLA-330,128,1.82,0,Fri
2025-03-08,BEV-COLA-330,159,1.82,0,Sat
2025-03-09,BEV-COLA-330,188,1.8,0,Sun
2025-03-10,BEV-COLA-330,114,1.77,0,Mon
2025-03-11,BEV-COLA-330,118,1.81,0,Tue
2025-03-12,BEV-COLA-330,117,1.79,0,Wed
2025-03-13,BEV-COLA-330,116,1.79,0,Thu
2025-03-14,BEV-COLA-330,101,1.8,0,Fri
2025-03-15,BEV-COLA-330,181,1.8,0,Sat
2025-03-16,BEV-COLA-330,169,1.77,0,Sun
2025-03-17,BEV-COLA-330,101,1.82,0,Mon
2025-03-18,BEV-COLA-330,104,1.8,0,Tue
2025-03-19,BEV-COLA-330,140,1.83,0,Wed
2025-03-20,BEV-COLA-330,109,1.85,0,Thu
2025-03-21,BEV-COLA-330,118,1.82,0,Fri
2025-03-22,BEV-COLA-330,201,1.8,0,Sat
2025-03-23,BEV-COLA-330,204,1.76,0,Sun
2025-03-24,BEV-COLA-330,139,1.8,0,Mon
2025-03-25,BEV-COLA-330,113,1.81,0,Tue
2025-03-26,BEV-COLA-330,131,1.81,0,Wed
2025-03-27,BEV-COLA-330,130,1.8,0,Thu
2025-03-28,BEV-COLA-330,99,1.79,0,Fri
2025-03-29,BEV-COLA-330,190,1.82,0,Sat
2025-03-30,BEV-COLA-330,185,1.8,0,Sun
2025-03-31,BEV-COLA-330,117,1.83,0,Mon
2025-04-01,BEV-COLA-330,129,1.78,0,Tue
2025-04-02,BEV-COLA-330,107,1.83,0,Wed
2025-04-03,BEV-COLA-330,277,1.37,1,Thu
2025-04-04,BEV-COLA-330,359,1.33,1,Fri
2025-04-05,BEV-COLA-330,391,1.35,1,Sat
2025-04-06,BEV-COLA-330,213,1.79,0,Sun
2025-04-07,BEV-COLA-330,123,1.83,0,Mon
2025-04-08,BEV-COLA-330,142,1.81,0,Tue
2025-04-09,BEV-COLA-330,143,1.78,0,Wed
2025-04-10,BEV-COLA-330,128,1.8,0,Thu
2025-04-11,BEV-COLA-330,139,1.79,0,Fri
2025-04-12,BEV-COLA-330,188,1.8,0,Sat
2025-04-13,BEV-COLA-330,226,1.79,0,Sun
2025-04-14,BEV-COLA-330,150,1.81,0,Mon
2025-04-15,BEV-COLA-330,143,1.83,0,Tue
2025-04-16,BEV-COLA-330,120,1.86,0,Wed
2025-04-17,BEV-COLA-330,134,1.82,0,Thu
2025-04-18,BEV-COLA-330,157,1.85,0,Fri
2025-04-19,BEV-COLA-330,200,1.75,0,Sat
2025-04-20,BEV-COLA-330,221,1.82,0,Sun
2025-04-21,BEV-COLA-330,141,1.82,0,Mon
2025-04-22,BEV-COLA-330,154,1.81,0,Tue
2025-04-23,BEV-COLA-330,162,1.8,0,Wed
2025-04-24,BEV-COLA-330,169,1.74,0,Thu
2025-04-25,BEV-COLA-330,169,1.77,0,Fri
2025-04-26,BEV-COLA-330,200,1.79,0,Sat
2025-04-27,BEV-COLA-330,196,1.81,0,Sun
2025-04-28,BEV-COLA-330,130,1.78,0,Mon
2025-04-29,BEV-COLA-330,159,1.8,0,Tue
2025-04-30,BEV-COLA-330,145,1.83,0,Wed
2025-05-01,BEV-COLA-330,148,1.83,0,Thu
2025-05-02,BEV-COLA-330,163,1.8,0,Fri
2025-05-03,BEV-COLA-330,210,1.83,0,Sat
2025-05-04,BEV-COLA-330,225,1.79,0,Sun
2025-05-05,BEV-COLA-330,143,1.8,0,Mon
2025-05-06,BEV-COLA-330,146,1.83,0,Tue
2025-05-07,BEV-COLA-330,143,1.81,0,Wed
2025-05-08,BEV-COLA-330,383,1.36,1,Thu
2025-05-09,BEV-COLA-330,461,1.34,1,Fri
2025-05-10,BEV-COLA-330,636,1.36,1,Sat
2025-05-11,BEV-COLA-330,211,1.83,0,Sun
2025-05-12,BEV-COLA-330,171,1.79,0,Mon
2025-05-13,BEV-COLA-330,164,1.8,0,Tue
2025-05-14,BEV-COLA-330,136,1.79,0,Wed
2025-05-15,BEV-COLA-330,129,1.79,0,Thu
2025-05-16,BEV-COLA-330,151,1.81,0,Fri
2025-05-17,BEV-COLA-330,241,1.78,0,Sat
2025-05-18,BEV-COLA-330,204,1.81,0,Sun
2025-05-19,BEV-COLA-330,159,1.75,0,Mon
2025-05-20,BEV-COLA-330,163,1.74,0,Tue
2025-05-21,BEV-COLA-330,143,1.84,0,Wed
2025-05-22,BEV-COLA-330,142,1.82,0,Thu
2025-05-23,BEV-COLA-330,162,1.81,0,Fri
2025-05-24,BEV-COLA-330,261,1.8,0,Sat
2025-05-25,BEV-COLA-330,238,1.85,0,Sun
2025-05-26,BEV-COLA-330,155,1.8,0,Mon
2025-05-27,BEV-COLA-330,164,1.82,0,Tue
2025-05-28,BEV-COLA-330,168,1.82,0,Wed
2025-05-29,BEV-COLA-330,131,1.85,0,Thu
2025-05-30,BEV-COLA-330,192,1.79,0,Fri
2025-05-31,BEV-COLA-330,236,1.79,0,Sat
2025-06-01,BEV-COLA-330,222,1.79,0,Sun
2025-06-02,BEV-COLA-330,516,1.35,1,Mon
2025-06-03,BEV-COLA-330,358,1.37,1,Tue
2025-06-04,BEV-COLA-330,414,1.33,1,Wed
2025-06-05,BEV-COLA-330,157,1.83,0,Thu
2025-06-06,BEV-COLA-330,199,1.78,0,Fri
2025-06-07,BEV-COLA-330,243,1.82,0,Sat
2025-06-08,BEV-COLA-330,228,1.77,0,Sun
2025-06-09,BEV-COLA-330,143,1.78,0,Mon
2025-06-10,BEV-COLA-330,165,1.82,0,Tue
2025-06-11,BEV-COLA-330,212,1.81,0,Wed
2025-06-12,BEV-COLA-330,154,1.83,0,Thu
2025-06-13,BEV-COLA-330,197,1.82,0,Fri
2025-06-14,BEV-COLA-330,244,1.78,0,Sat
2025-06-15,BEV-COLA-330,222,1.8,0,Sun
2025-06-16,BEV-COLA-330,132,1.84,0,Mon
2025-06-17,BEV-COLA-330,185,1.77,0,Tue
2025-06-18,BEV-COLA-330,189,1.79,0,Wed
2025-06-19,BEV-COLA-330,177,1.81,0,Thu
2025-06-20,BEV-COLA-330,139,1.83,0,Fri
2025-06-21,BEV-COLA-330,248,1.8,0,Sat
2025-06-22,BEV-COLA-330,274,1.8,0,Sun
2025-06-23,BEV-COLA-330,177,1.78,0,Mon
2025-06-24,BEV-COLA-330,187,1.82,0,Tue
2025-06-25,BEV-COLA-330,229,1.78,0,Wed
2025-06-26,BEV-COLA-330,147,1.86,0,Thu
2025-06-27,BEV-COLA-330,230,1.81,0,Fri
2025-06-28,BEV-COLA-330,269,1.82,0,Sat
2025-06-29,BEV-COLA-330,259,1.79,0,Sun
2025-06-30,BEV-COLA-330,178,1.79,0,Mon
2025-07-01,BEV-COLA-330,175,1.82,0,Tue
2025-07-02,BEV-COLA-330,166,1.79,0,Wed
2025-07-03,BEV-COLA-330,170,1.8,0,Thu
2025-07-04,BEV-COLA-330,207,1.8,0,Fri
2025-07-05,BEV-COLA-330,282,1.81,0,Sat
2025-07-06,BEV-COLA-330,270,1.81,0,Sun
2025-07-07,BEV-COLA-330,429,1.35,1,Mon
2025-07-08,BEV-COLA-330,382,1.37,1,Tue
2025-07-09,BEV-COLA-330,423,1.38,1,Wed
2025-07-10,BEV-COLA-330,183,1.78,0,Thu
2025-07-11,BEV-COLA-330,196,1.78,0,Fri
2025-07-12,BEV-COLA-330,311,1.78,0,Sat
2025-07-13,BEV-COLA-330,216,1.78,0,Sun
2025-07-14,BEV-COLA-330,154,1.78,0,Mon
2025-07-15,BEV-COLA-330,208,1.8,0,Tue
2025-07-16,BEV-COLA-330,159,1.82,0,Wed
2025-07-17,BEV-COLA-330,227,1.78,0,Thu
2025-07-18,BEV-COLA-330,186,1.81,0,Fri
2025-07-19,BEV-COLA-330,327,1.83,0,Sat
2025-07-20,BEV-COLA-330,263,1.84,0,Sun
2025-07-21,BEV-COLA-330,197,1.81,0,Mon
2025-07-22,BEV-COLA-330,172,1.78,0,Tue
2025-07-23,BEV-COLA-330,169,1.8,0,Wed
2025-07-24,BEV-COLA-330,189,1.8,0,Thu
2025-07-25,BEV-COLA-330,159,1.86,0,Fri
2025-07-26,BEV-COLA-330,267,1.8,0,Sat
2025-07-27,BEV-COLA-330,295,1.81,0,Sun
2025-07-28,BEV-COLA-330,173,1.79,0,Mon
2025-07-29,BEV-COLA-330,177,1.76,0,Tue
2025-07-30,BEV-COLA-330,184,1.81,0,Wed
2025-07-31,BEV-COLA-330,185,1.77,0,Thu
2025-08-01,BEV-COLA-330,459,1.35,1,Fri
2025-08-02,BEV-COLA-330,627,1.34,1,Sat
2025-08-03,BEV-COLA-330,598,1.31,1,Sun
2025-08-04,BEV-COLA-330,137,1.84,0,Mon
2025-08-05,BEV-COLA-330,191,1.79,0,Tue
2025-08-06,BEV-COLA-330,171,1.79,0,Wed
2025-08-07,BEV-COLA-330,184,1.8,0,Thu
2025-08-08,BEV-COLA-330,149,1.8,0,Fri
2025-08-09,BEV-COLA-330,243,1.8,0,Sat
2025-08-10,BEV-COLA-330,274,1.79,0,Sun
2025-08-11,BEV-COLA-330,194,1.82,0,Mon
2025-08-12,BEV-COLA-330,201,1.79,0,Tue
2025-08-13,BEV-COLA-330,195,1.83,0,Wed
2025-08-14,BEV-COLA-330,170,1.84,0,Thu
2025-08-15,BEV-COLA-330,195,1.8,0,Fri
2025-08-16,BEV-COLA-330,280,1.76,0,Sat
2025-08-17,BEV-COLA-330,254,1.79,0,Sun
2025-08-18,BEV-COLA-330,174,1.75,0,Mon
2025-08-19,BEV-COLA-330,194,1.8,0,Tue
2025-08-20,BEV-COLA-330,170,1.83,0,Wed
2025-08-21,BEV-COLA-330,165,1.79,0,Thu
2025-08-22,BEV-COLA-330,171,1.81,0,Fri
2025-08-23,BEV-COLA-330,294,1.82,0,Sat
2025-08-24,BEV-COLA-330,217,1.8,0,Sun
2025-08-25,BEV-COLA-330,153,1.78,0,Mon
2025-08-26,BEV-COLA-330,205,1.77,0,Tue
2025-08-27,BEV-COLA-330,146,1.81,0,Wed
2025-08-28,BEV-COLA-330,191,1.82,0,Thu
2025-08-29,BEV-COLA-330,163,1.79,0,Fri
2025-08-30,BEV-COLA-330,261,1.79,0,Sat
2025-08-31,BEV-COLA-330,647,1.36,1,Sun
2025-09-01,BEV-COLA-330,437,1.37,1,Mon
2025-09-02,BEV-COLA-330,409,1.38,1,Tue
2025-09-03,BEV-COLA-330,176,1.76,0,Wed
2025-09-04,BEV-COLA-330,161,1.81,0,Thu
2025-09-05,BEV-COLA-330,159,1.82,0,Fri
2025-09-06,BEV-COLA-330,286,1.78,0,Sat
2025-09-07,BEV-COLA-330,242,1.82,0,Sun
2025-09-08,BEV-COLA-330,178,1.83,0,Mon
2025-09-09,BEV-COLA-330,124,1.81,0,Tue
2025-09-10,BEV-COLA-330,162,1.78,0,Wed
2025-09-11,BEV-COLA-330,174,1.77,0,Thu
2025-09-12,BEV-COLA-330,150,1.83,0,Fri
2025-09-13,BEV-COLA-330,296,1.77,0,Sat
2025-09-14,BEV-COLA-330,209,1.79,0,Sun
2025-09-15,BEV-COLA-330,166,1.81,0,Mon
2025-09-16,BEV-COLA-330,178,1.78,0,Tue
2025-09-17,BEV-COLA-330,147,1.79,0,Wed
2025-09-18,BEV-COLA-330,172,1.8,0,Thu
2025-09-19,BEV-COLA-330,168,1.78,0,Fri
2025-09-20,BEV-COLA-330,294,1.8,0,Sat
2025-09-21,BEV-COLA-330,266,1.78,0,Sun
2025-09-22,BEV-COLA-330,154,1.8,0,Mon
2025-09-23,BEV-COLA-330,165,1.82,0,Tue
2025-09-24,BEV-COLA-330,154,1.83,0,Wed
2025-09-25,BEV-COLA-330,149,1.78,0,Thu
2025-09-26,BEV-COLA-330,160,1.81,0,Fri
2025-09-27,BEV-COLA-330,220,1.84,0,Sat
2025-09-28,BEV-COLA-330,244,1.83,0,Sun
2025-09-29,BEV-COLA-330,128,1.8,0,Mon
2025-09-30,BEV-COLA-330,133,1.77,0,Tue
2025-10-01,BEV-COLA-330,130,1.84,0,Wed
2025-10-02,BEV-COLA-330,151,1.83,0,Thu
2025-10-03,BEV-COLA-330,153,1.85,0,Fri
2025-10-04,BEV-COLA-330,209,1.8,0,Sat
2025-10-05,BEV-COLA-330,508,1.35,1,Sun
2025-10-06,BEV-COLA-330,347,1.34,1,Mon
2025-10-07,BEV-COLA-330,269,1.38,1,Tue
2025-10-08,BEV-COLA-330,129,1.81,0,Wed
2025-10-09,BEV-COLA-330,153,1.81,0,Thu
2025-10-10,BEV-COLA-330,153,1.8,0,Fri
2025-10-11,BEV-COLA-330,239,1.76,0,Sat
2025-10-12,BEV-COLA-330,221,1.78,0,Sun
2025-10-13,BEV-COLA-330,103,1.8,0,Mon
2025-10-14,BEV-COLA-330,145,1.78,0,Tue
2025-10-15,BEV-COLA-330,135,1.84,0,Wed
2025-10-16,BEV-COLA-330,116,1.81,0,Thu
2025-10-17,BEV-COLA-330,153,1.84,0,Fri
2025-10-18,BEV-COLA-330,192,1.8,0,Sat
2025-10-19,BEV-COLA-330,223,1.76,0,Sun
2025-10-20,BEV-COLA-330,132,1.87,0,Mon
2025-10-21,BEV-COLA-330,135,1.83,0,Tue
2025-10-22,BEV-COLA-330,155,1.77,0,Wed
2025-10-23,BEV-COLA-330,133,1.77,0,Thu
2025-10-24,BEV-COLA-330,140,1.81,0,Fri
2025-10-25,BEV-COLA-330,193,1.81,0,Sat
2025-10-26,BEV-COLA-330,167,1.78,0,Sun
2025-10-27,BEV-COLA-330,119,1.8,0,Mon
2025-10-28,BEV-COLA-330,117,1.76,0,Tue
2025-10-29,BEV-COLA-330,104,1.79,0,Wed
2025-10-30,BEV-COLA-330,110,1.76,0,Thu
2025-10-31,BEV-COLA-330,130,1.8,0,Fri
2025-11-01,BEV-COLA-330,144,1.85,0,Sat
2025-11-02,BEV-COLA-330,468,1.34,1,Sun
2025-11-03,BEV-COLA-330,279,1.35,1,Mon
2025-11-04,BEV-COLA-330,264,1.38,1,Tue
2025-11-05,BEV-COLA-330,109,1.77,0,Wed
2025-11-06,BEV-COLA-330,122,1.81,0,Thu
2025-11-07,BEV-COLA-330,113,1.76,0,Fri
2025-11-08,BEV-COLA-330,180,1.81,0,Sat
2025-11-09,BEV-COLA-330,187,1.78,0,Sun
2025-11-10,BEV-COLA-330,94,1.82,0,Mon
2025-11-11,BEV-COLA-330,123,1.79,0,Tue
2025-11-12,BEV-COLA-330,93,1.78,0,Wed
2025-11-13,BEV-COLA-330,125,1.79,0,Thu
2025-11-14,BEV-COLA-330,85,1.84,0,Fri
2025-11-15,BEV-COLA-330,135,1.87,0,Sat
2025-11-16,BEV-COLA-330,178,1.83,0,Sun
2025-11-17,BEV-COLA-330,110,1.83,0,Mon
2025-11-18,BEV-COLA-330,123,1.77,0,Tue
2025-11-19,BEV-COLA-330,85,1.78,0,Wed
2025-11-20,BEV-COLA-330,108,1.88,0,Thu
2025-11-21,BEV-COLA-330,94,1.85,0,Fri
2025-11-22,BEV-COLA-330,175,1.84,0,Sat
2025-11-23,BEV-COLA-330,150,1.84,0,Sun
2025-11-24,BEV-COLA-330,110,1.77,0,Mon
2025-11-25,BEV-COLA-330,96,1.74,0,Tue
2025-11-26,BEV-COLA-330,96,1.8,0,Wed
2025-11-27,BEV-COLA-330,105,1.8,0,Thu
2025-11-28,BEV-COLA-330,113,1.85,0,Fri
2025-11-29,BEV-COLA-330,171,1.8,0,Sat
2025-11-30,BEV-COLA-330,358,1.33,1,Sun
2025-12-01,BEV-COLA-330,209,1.37,1,Mon
2025-12-02,BEV-COLA-330,216,1.34,1,Tue
2025-12-03,BEV-COLA-330,120,1.8,0,Wed
2025-12-04,BEV-COLA-330,108,1.78,0,Thu
2025-12-05,BEV-COLA-330,93,1.78,0,Fri
2025-12-06,BEV-COLA-330,176,1.77,0,Sat
2025-12-07,BEV-COLA-330,144,1.86,0,Sun
2025-12-08,BEV-COLA-330,111,1.78,0,Mon
2025-12-09,BEV-COLA-330,110,1.79,0,Tue
2025-12-10,BEV-COLA-330,102,1.81,0,Wed
2025-12-11,BEV-COLA-330,92,1.82,0,Thu
2025-12-12,BEV-COLA-330,83,1.79,0,Fri
2025-12-13,BEV-COLA-330,125,1.79,0,Sat
2025-12-14,BEV-COLA-330,129,1.8,0,Sun
2025-12-15,BEV-COLA-330,103,1.8,0,Mon
2025-12-16,BEV-COLA-330,95,1.76,0,Tue
2025-12-17,BEV-COLA-330,109,1.77,0,Wed
2025-12-18,BEV-COLA-330,99,1.85,0,Thu
2025-12-19,BEV-COLA-330,113,1.79,0,Fri
2025-12-20,BEV-COLA-330,170,1.76,0,Sat
2025-12-21,BEV-COLA-330,104,1.78,0,Sun
2025-12-22,BEV-COLA-330,103,1.87,0,Mon
2025-12-23,BEV-COLA-330,101,1.77,0,Tue
2025-12-24,BEV-COLA-330,98,1.79,0,Wed
2025-12-25,BEV-COLA-330,94,1.76,0,Thu
2025-12-26,BEV-COLA-330,96,1.81,0,Fri
2025-12-27,BEV-COLA-330,318,1.37,1,Sat
2025-12-28,BEV-COLA-330,279,1.4,1,Sun
2025-12-29,BEV-COLA-330,178,1.36,1,Mon
2025-12-30,BEV-COLA-330,112,1.77,0,Tue
2024-01-01,SNK-CHIPS-150,64,2.45,0,Mon
2024-01-02,SNK-CHIPS-150,81,2.38,0,Tue
2024-01-03,SNK-CHIPS-150,70,2.39,0,Wed
2024-01-04,SNK-CHIPS-150,79,2.41,0,Thu
2024-01-05,SNK-CHIPS-150,69,2.32,0,Fri
2024-01-06,SNK-CHIPS-150,85,2.36,0,Sat
2024-01-07,SNK-CHIPS-150,87,2.37,0,Sun
2024-01-08,SNK-CHIPS-150,65,2.41,0,Mon
2024-01-09,SNK-CHIPS-150,75,2.4,0,Tue
2024-01-10,SNK-CHIPS-150,74,2.37,0,Wed
2024-01-11,SNK-CHIPS-150,71,2.46,0,Thu
2024-01-12,SNK-CHIPS-150,72,2.38,0,Fri
2024-01-13,SNK-CHIPS-150,98,2.37,0,Sat
2024-01-14,SNK-CHIPS-150,84,2.43,0,Sun
2024-01-15,SNK-CHIPS-150,81,2.39,0,Mon
2024-01-16,SNK-CHIPS-150,74,2.38,0,Tue
2024-01-17,SNK-CHIPS-150,134,1.77,1,Wed
2024-01-18,SNK-CHIPS-150,176,1.79,1,Thu
2024-01-19,SNK-CHIPS-150,137,1.79,1,Fri
2024-01-20,SNK-CHIPS-150,93,2.38,0,Sat
2024-01-21,SNK-CHIPS-150,94,2.42,0,Sun
2024-01-22,SNK-CHIPS-150,70,2.47,0,Mon
2024-01-23,SNK-CHIPS-150,72,2.45,0,Tue
2024-01-24,SNK-CHIPS-150,61,2.42,0,Wed
2024-01-25,SNK-CHIPS-150,72,2.4,0,Thu
2024-01-26,SNK-CHIPS-150,57,2.39,0,Fri
2024-01-27,SNK-CHIPS-150,89,2.43,0,Sat
2024-01-28,SNK-CHIPS-150,93,2.38,0,Sun
2024-01-29,SNK-CHIPS-150,76,2.39,0,Mon
2024-01-30,SNK-CHIPS-150,68,2.35,0,Tue
2024-01-31,SNK-CHIPS-150,73,2.41,0,Wed
2024-02-01,SNK-CHIPS-150,69,2.39,0,Thu
2024-02-02,SNK-CHIPS-150,74,2.37,0,Fri
2024-02-03,SNK-CHIPS-150,83,2.44,0,Sat
2024-02-04,SNK-CHIPS-150,100,2.45,0,Sun
2024-02-05,SNK-CHIPS-150,80,2.38,0,Mon
2024-02-06,SNK-CHIPS-150,62,2.35,0,Tue
2024-02-07,SNK-CHIPS-150,73,2.35,0,Wed
2024-02-08,SNK-CHIPS-150,70,2.39,0,Thu
2024-02-09,SNK-CHIPS-150,58,2.4,0,Fri
2024-02-10,SNK-CHIPS-150,81,2.42,0,Sat
2024-02-11,SNK-CHIPS-150,93,2.38,0,Sun
2024-02-12,SNK-CHIPS-150,65,2.36,0,Mon
2024-02-13,SNK-CHIPS-150,76,2.36,0,Tue
2024-02-14,SNK-CHIPS-150,77,2.42,0,Wed
2024-02-15,SNK-CHIPS-150,139,1.77,1,Thu
2024-02-16,SNK-CHIPS-150,157,1.78,1,Fri
2024-02-17,SNK-CHIPS-150,227,1.74,1,Sat
2024-02-18,SNK-CHIPS-150,90,2.38,0,Sun
2024-02-19,SNK-CHIPS-150,82,2.41,0,Mon
2024-02-20,SNK-CHIPS-150,82,2.41,0,Tue
2024-02-21,SNK-CHIPS-150,84,2.4,0,Wed
2024-02-22,SNK-CHIPS-150,72,2.44,0,Thu
2024-02-23,SNK-CHIPS-150,74,2.45,0,Fri
2024-02-24,SNK-CHIPS-150,88,2.4,0,Sat
2024-02-25,SNK-CHIPS-150,106,2.39,0,Sun
2024-02-26,SNK-CHIPS-150,83,2.35,0,Mon
2024-02-27,SNK-CHIPS-150,77,2.41,0,Tue
2024-02-28,SNK-CHIPS-150,79,2.32,0,Wed
2024-02-29,SNK-CHIPS-150,69,2.42,0,Thu
2024-03-01,SNK-CHIPS-150,58,2.4,0,Fri
2024-03-02,SNK-CHIPS-150,91,2.42,0,Sat
2024-03-03,SNK-CHIPS-150,79,2.43,0,Sun
2024-03-04,SNK-CHIPS-150,73,2.42,0,Mon
2024-03-05,SNK-CHIPS-150,68,2.43,0,Tue
2024-03-06,SNK-CHIPS-150,95,2.38,0,Wed
2024-03-07,SNK-CHIPS-150,72,2.37,0,Thu
2024-03-08,SNK-CHIPS-150,69,2.39,0,Fri
2024-03-09,SNK-CHIPS-150,114,2.44,0,Sat
2024-03-10,SNK-CHIPS-150,84,2.37,0,Sun
2024-03-11,SNK-CHIPS-150,83,2.44,0,Mon
2024-03-12,SNK-CHIPS-150,84,2.43,0,Tue
2024-03-13,SNK-CHIPS-150,154,1.78,1,Wed
2024-03-14,SNK-CHIPS-150,137,1.76,1,Thu
2024-03-15,SNK-CHIPS-150,140,1.83,1,Fri
2024-03-16,SNK-CHIPS-150,97,2.48,0,Sat
2024-03-17,SNK-CHIPS-150,111,2.38,0,Sun
2024-03-18,SNK-CHIPS-150,79,2.46,0,Mon
2024-03-19,SNK-CHIPS-150,83,2.36,0,Tue
2024-03-20,SNK-CHIPS-150,72,2.45,0,Wed
2024-03-21,SNK-CHIPS-150,88,2.37,0,Thu
2024-03-22,SNK-CHIPS-150,69,2.41,0,Fri
2024-03-23,SNK-CHIPS-150,95,2.39,0,Sat
2024-03-24,SNK-CHIPS-150,103,2.41,0,Sun
2024-03-25,SNK-CHIPS-150,83,2.44,0,Mon
2024-03-26,SNK-CHIPS-150,86,2.34,0,Tue
2024-03-27,SNK-CHIPS-150,81,2.43,0,Wed
2024-03-28,SNK-CHIPS-150,73,2.44,0,Thu
2024-03-29,SNK-CHIPS-150,89,2.37,0,Fri
2024-03-30,SNK-CHIPS-150,84,2.36,0,Sat
2024-03-31,SNK-CHIPS-150,94,2.44,0,Sun
2024-04-01,SNK-CHIPS-150,69,2.39,0,Mon
2024-04-02,SNK-CHIPS-150,73,2.35,0,Tue
2024-04-03,SNK-CHIPS-150,84,2.39,0,Wed
2024-04-04,SNK-CHIPS-150,92,2.32,0,Thu
2024-04-05,SNK-CHIPS-150,74,2.36,0,Fri
2024-04-06,SNK-CHIPS-150,103,2.42,0,Sat
2024-04-07,SNK-CHIPS-150,130,2.34,0,Sun
2024-04-08,SNK-CHIPS-150,85,2.37,0,Mon
2024-04-09,SNK-CHIPS-150,92,2.41,0,Tue
2024-04-10,SNK-CHIPS-150,91,2.38,0,Wed
2024-04-11,SNK-CHIPS-150,93,2.37,0,Thu
2024-04-12,SNK-CHIPS-150,81,2.37,0,Fri
2024-04-13,SNK-CHIPS-150,210,1.85,1,Sat
2024-04-14,SNK-CHIPS-150,260,1.8,1,Sun
2024-04-15,SNK-CHIPS-150,149,1.81,1,Mon
2024-04-16,SNK-CHIPS-150,71,2.43,0,Tue
2024-04-17,SNK-CHIPS-150,90,2.44,0,Wed
2024-04-18,SNK-CHIPS-150,79,2.38,0,Thu
2024-04-19,SNK-CHIPS-150,83,2.41,0,Fri
2024-04-20,SNK-CHIPS-150,118,2.36,0,Sat
2024-04-21,SNK-CHIPS-150,109,2.33,0,Sun
2024-04-22,SNK-CHIPS-150,82,2.39,0,Mon
2024-04-23,SNK-CHIPS-150,73,2.41,0,Tue
2024-04-24,SNK-CHIPS-150,81,2.42,0,Wed
2024-04-25,SNK-CHIPS-150,73,2.38,0,Thu
2024-04-26,SNK-CHIPS-150,90,2.36,0,Fri
2024-04-27,SNK-CHIPS-150,113,2.37,0,Sat
2024-04-28,SNK-CHIPS-150,118,2.44,0,Sun
2024-04-29,SNK-CHIPS-150,79,2.46,0,Mon
2024-04-30,SNK-CHIPS-150,96,2.36,0,Tue
2024-05-01,SNK-CHIPS-150,94,2.41,0,Wed
2024-05-02,SNK-CHIPS-150,95,2.4,0,Thu
2024-05-03,SNK-CHIPS-150,90,2.43,0,Fri
2024-05-04,SNK-CHIPS-150,114,2.42,0,Sat
2024-05-05,SNK-CHIPS-150,113,2.41,0,Sun
2024-05-06,SNK-CHIPS-150,79,2.44,0,Mon
2024-05-07,SNK-CHIPS-150,82,2.46,0,Tue
2024-05-08,SNK-CHIPS-150,83,2.44,0,Wed
2024-05-09,SNK-CHIPS-150,104,2.39,0,Thu
2024-05-10,SNK-CHIPS-150,151,1.79,1,Fri
2024-05-11,SNK-CHIPS-150,220,1.78,1,Sat
2024-05-12,SNK-CHIPS-150,217,1.86,1,Sun
2024-05-13,SNK-CHIPS-150,76,2.43,0,Mon
2024-05-14,SNK-CHIPS-150,92,2.41,0,Tue
2024-05-15,SNK-CHIPS-150,78,2.46,0,Wed
2024-05-16,SNK-CHIPS-150,89,2.42,0,Thu
2024-05-17,SNK-CHIPS-150,89,2.36,0,Fri
2024-05-18,SNK-CHIPS-150,88,2.39,0,Sat
2024-05-19,SNK-CHIPS-150,119,2.42,0,Sun
2024-05-20,SNK-CHIPS-150,77,2.38,0,Mon
2024-05-21,SNK-CHIPS-150,87,2.45,0,Tue
2024-05-22,SNK-CHIPS-150,98,2.44,0,Wed
2024-05-23,SNK-CHIPS-150,97,2.38,0,Thu
2024-05-24,SNK-CHIPS-150,88,2.39,0,Fri
2024-05-25,SNK-CHIPS-150,115,2.4,0,Sat
2024-05-26,SNK-CHIPS-150,113,2.44,0,Sun
2024-05-27,SNK-CHIPS-150,87,2.39,0,Mon
2024-05-28,SNK-CHIPS-150,80,2.41,0,Tue
2024-05-29,SNK-CHIPS-150,90,2.38,0,Wed
2024-05-30,SNK-CHIPS-150,89,2.38,0,Thu
2024-05-31,SNK-CHIPS-150,108,2.38,0,Fri
2024-06-01,SNK-CHIPS-150,117,2.45,0,Sat
2024-06-02,SNK-CHIPS-150,142,2.4,0,Sun
2024-06-03,SNK-CHIPS-150,88,2.41,0,Mon
2024-06-04,SNK-CHIPS-150,92,2.41,0,Tue
2024-06-05,SNK-CHIPS-150,86,2.45,0,Wed
2024-06-06,SNK-CHIPS-150,77,2.48,0,Thu
2024-06-07,SNK-CHIPS-150,80,2.42,0,Fri
2024-06-08,SNK-CHIPS-150,108,2.47,0,Sat
2024-06-09,SNK-CHIPS-150,128,2.4,0,Sun
2024-06-10,SNK-CHIPS-150,77,2.45,0,Mon
2024-06-11,SNK-CHIPS-150,155,1.79,1,Tue
2024-06-12,SNK-CHIPS-150,177,1.8,1,Wed
2024-06-13,SNK-CHIPS-150,168,1.79,1,Thu
2024-06-14,SNK-CHIPS-150,84,2.39,0,Fri
2024-06-15,SNK-CHIPS-150,134,2.42,0,Sat
2024-06-16,SNK-CHIPS-150,122,2.33,0,Sun
2024-06-17,SNK-CHIPS-150,96,2.38,0,Mon
2024-06-18,SNK-CHIPS-150,91,2.37,0,Tue
2024-06-19,SNK-CHIPS-150,100,2.36,0,Wed
2024-06-20,SNK-CHIPS-150,89,2.4,0,Thu
2024-06-21,SNK-CHIPS-150,88,2.41,0,Fri
2024-06-22,SNK-CHIPS-150,131,2.34,0,Sat
2024-06-23,SNK-CHIPS-150,116,2.41,0,Sun
2024-06-24,SNK-CHIPS-150,100,2.44,0,Mon
2024-06-25,SNK-CHIPS-150,86,2.36,0,Tue
2024-06-26,SNK-CHIPS-150,100,2.46,0,Wed
2024-06-27,SNK-CHIPS-150,82,2.37,0,Thu
2024-06-28,SNK-CHIPS-150,88,2.38,0,Fri
2024-06-29,SNK-CHIPS-150,124,2.34,0,Sat
2024-06-30,SNK-CHIPS-150,108,2.35,0,Sun
2024-07-01,SNK-CHIPS-150,83,2.43,0,Mon
2024-07-02,SNK-CHIPS-150,97,2.4,0,Tue
2024-07-03,SNK-CHIPS-150,87,2.43,0,Wed
2024-07-04,SNK-CHIPS-150,84,2.4,0,Thu
2024-07-05,SNK-CHIPS-150,94,2.46,0,Fri
2024-07-06,SNK-CHIPS-150,243,1.77,1,Sat
2024-07-07,SNK-CHIPS-150,244,1.82,1,Sun
2024-07-08,SNK-CHIPS-150,198,1.85,1,Mon
2024-07-09,SNK-CHIPS-150,92,2.38,0,Tue
2024-07-10,SNK-CHIPS-150,97,2.35,0,Wed
2024-07-11,SNK-CHIPS-150,116,2.41,0,Thu
2024-07-12,SNK-CHIPS-150,72,2.4,0,Fri
2024-07-13,SNK-CHIPS-150,122,2.38,0,Sat
2024-07-14,SNK-CHIPS-150,113,2.35,0,Sun
2024-07-15,SNK-CHIPS-150,96,2.39,0,Mon
2024-07-16,SNK-CHIPS-150,84,2.39,0,Tue
2024-07-17,SNK-CHIPS-150,85,2.43,0,Wed
2024-07-18,SNK-CHIPS-150,80,2.38,0,Thu
2024-07-19,SNK-CHIPS-150,100,2.37,0,Fri
2024-07-20,SNK-CHIPS-150,124,2.34,0,Sat
2024-07-21,SNK-CHIPS-150,113,2.43,0,Sun
2024-07-22,SNK-CHIPS-150,81,2.41,0,Mon
2024-07-23,SNK-CHIPS-150,99,2.45,0,Tue
2024-07-24,SNK-CHIPS-150,75,2.41,0,Wed
2024-07-25,SNK-CHIPS-150,103,2.36,0,Thu
2024-07-26,SNK-CHIPS-150,91,2.46,0,Fri
2024-07-27,SNK-CHIPS-150,109,2.44,0,Sat
2024-07-28,SNK-CHIPS-150,120,2.39,0,Sun
2024-07-29,SNK-CHIPS-150,77,2.42,0,Mon
2024-07-30,SNK-CHIPS-150,102,2.43,0,Tue
2024-07-31,SNK-CHIPS-150,81,2.36,0,Wed
2024-08-01,SNK-CHIPS-150,85,2.41,0,Thu
2024-08-02,SNK-CHIPS-150,105,2.31,0,Fri
2024-08-03,SNK-CHIPS-150,113,2.41,0,Sat
2024-08-04,SNK-CHIPS-150,227,1.86,1,Sun
2024-08-05,SNK-CHIPS-150,187,1.78,1,Mon
2024-08-06,SNK-CHIPS-150,172,1.77,1,Tue
2024-08-07,SNK-CHIPS-150,86,2.41,0,Wed
2024-08-08,SNK-CHIPS-150,108,2.38,0,Thu
2024-08-09,SNK-CHIPS-150,97,2.43,0,Fri
2024-08-10,SNK-CHIPS-150,123,2.42,0,Sat
2024-08-11,SNK-CHIPS-150,114,2.45,0,Sun
2024-08-12,SNK-CHIPS-150,79,2.47,0,Mon
2024-08-13,SNK-CHIPS-150,79,2.39,0,Tue
2024-08-14,SNK-CHIPS-150,96,2.39,0,Wed
2024-08-15,SNK-CHIPS-150,82,2.45,0,Thu
2024-08-16,SNK-CHIPS-150,88,2.4,0,Fri
2024-08-17,SNK-CHIPS-150,106,2.37,0,Sat
2024-08-18,SNK-CHIPS-150,97,2.4,0,Sun
2024-08-19,SNK-CHIPS-150,91,2.4,0,Mon
2024-08-20,SNK-CHIPS-150,82,2.38,0,Tue
2024-08-21,SNK-CHIPS-150,111,2.35,0,Wed
2024-08-22,SNK-CHIPS-150,108,2.35,0,Thu
2024-08-23,SNK-CHIPS-150,86,2.42,0,Fri
2024-08-24,SNK-CHIPS-150,133,2.36,0,Sat
2024-08-25,SNK-CHIPS-150,102,2.46,0,Sun
2024-08-26,SNK-CHIPS-150,100,2.39,0,Mon
2024-08-27,SNK-CHIPS-150,107,2.41,0,Tue
2024-08-28,SNK-CHIPS-150,96,2.38,0,Wed
2024-08-29,SNK-CHIPS-150,112,2.35,0,Thu
2024-08-30,SNK-CHIPS-150,71,2.37,0,Fri
2024-08-31,SNK-CHIPS-150,115,2.4,0,Sat
2024-09-01,SNK-CHIPS-150,107,2.47,0,Sun
2024-09-02,SNK-CHIPS-150,188,1.8,1,Mon
2024-09-03,SNK-CHIPS-150,170,1.84,1,Tue
2024-09-04,SNK-CHIPS-150,181,1.83,1,Wed
2024-09-05,SNK-CHIPS-150,90,2.39,0,Thu
2024-09-06,SNK-CHIPS-150,81,2.4,0,Fri
2024-09-07,SNK-CHIPS-150,97,2.44,0,Sat
2024-09-08,SNK-CHIPS-150,123,2.44,0,Sun
2024-09-09,SNK-CHIPS-150,82,2.4,0,Mon
2024-09-10,SNK-CHIPS-150,93,2.39,0,Tue
2024-09-11,SNK-CHIPS-150,89,2.43,0,Wed
2024-09-12,SNK-CHIPS-150,81,2.44,0,Thu
2024-09-13,SNK-CHIPS-150,74,2.41,0,Fri
2024-09-14,SNK-CHIPS-150,114,2.43,0,Sat
2024-09-15,SNK-CHIPS-150,129,2.39,0,Sun
2024-09-16,SNK-CHIPS-150,62,2.42,0,Mon
2024-09-17,SNK-CHIPS-150,75,2.4,0,Tue
2024-09-18,SNK-CHIPS-150,107,2.44,0,Wed
2024-09-19,SNK-CHIPS-150,89,2.38,0,Thu
2024-09-20,SNK-CHIPS-150,91,2.39,0,Fri
2024-09-21,SNK-CHIPS-150,127,2.42,0,Sat
2024-09-22,SNK-CHIPS-150,135,2.36,0,Sun
2024-09-23,SNK-CHIPS-150,91,2.37,0,Mon
2024-09-24,SNK-CHIPS-150,91,2.44,0,Tue
2024-09-25,SNK-CHIPS-150,82,2.37,0,Wed
2024-09-26,SNK-CHIPS-150,87,2.38,0,Thu
2024-09-27,SNK-CHIPS-150,73,2.44,0,Fri
2024-09-28,SNK-CHIPS-150,118,2.42,0,Sat
2024-09-29,SNK-CHIPS-150,116,2.42,0,Sun
2024-09-30,SNK-CHIPS-150,87,2.45,0,Mon
2024-10-01,SNK-CHIPS-150,89,2.43,0,Tue
2024-10-02,SNK-CHIPS-150,67,2.46,0,Wed
2024-10-03,SNK-CHIPS-150,81,2.45,0,Thu
2024-10-04,SNK-CHIPS-150,78,2.39,0,Fri
2024-10-05,SNK-CHIPS-150,112,2.33,0,Sat
2024-10-06,SNK-CHIPS-150,236,1.78,1,Sun
2024-10-07,SNK-CHIPS-150,201,1.76,1,Mon
2024-10-08,SNK-CHIPS-150,164,1.81,1,Tue
2024-10-09,SNK-CHIPS-150,80,2.37,0,Wed
2024-10-10,SNK-CHIPS-150,82,2.36,0,Thu
2024-10-11,SNK-CHIPS-150,83,2.4,0,Fri
2024-10-12,SNK-CHIPS-150,111,2.35,0,Sat
2024-10-13,SNK-CHIPS-150,114,2.37,0,Sun
2024-10-14,SNK-CHIPS-150,86,2.47,0,Mon
2024-10-15,SNK-CHIPS-150,71,2.39,0,Tue
2024-10-16,SNK-CHIPS-150,72,2.35,0,Wed
2024-10-17,SNK-CHIPS-150,76,2.43,0,Thu
2024-10-18,SNK-CHIPS-150,79,2.4,0,Fri
2024-10-19,SNK-CHIPS-150,124,2.4,0,Sat
2024-10-20,SNK-CHIPS-150,107,2.38,0,Sun
2024-10-21,SNK-CHIPS-150,93,2.37,0,Mon
2024-10-22,SNK-CHIPS-150,76,2.36,0,Tue
2024-10-23,SNK-CHIPS-150,74,2.35,0,Wed
2024-10-24,SNK-CHIPS-150,103,2.42,0,Thu
2024-10-25,SNK-CHIPS-150,93,2.36,0,Fri
2024-10-26,SNK-CHIPS-150,95,2.41,0,Sat
2024-10-27,SNK-CHIPS-150,106,2.39,0,Sun
2024-10-28,SNK-CHIPS-150,100,2.38,0,Mon
2024-10-29,SNK-CHIPS-150,90,2.33,0,Tue
2024-10-30,SNK-CHIPS-150,153,1.81,1,Wed
2024-10-31,SNK-CHIPS-150,178,1.8,1,Thu
2024-11-01,SNK-CHIPS-150,170,1.8,1,Fri
2024-11-02,SNK-CHIPS-150,84,2.42,0,Sat
2024-11-03,SNK-CHIPS-150,127,2.45,0,Sun
2024-11-04,SNK-CHIPS-150,88,2.44,0,Mon
2024-11-05,SNK-CHIPS-150,84,2.35,0,Tue
2024-11-06,SNK-CHIPS-150,78,2.37,0,Wed
2024-11-07,SNK-CHIPS-150,73,2.43,0,Thu
2024-11-08,SNK-CHIPS-150,66,2.4,0,Fri
2024-11-09,SNK-CHIPS-150,108,2.39,0,Sat
2024-11-10,SNK-CHIPS-150,100,2.37,0,Sun
2024-11-11,SNK-CHIPS-150,68,2.47,0,Mon
2024-11-12,SNK-CHIPS-150,76,2.36,0,Tue
2024-11-13,SNK-CHIPS-150,95,2.44,0,Wed
2024-11-14,SNK-CHIPS-150,74,2.41,0,Thu
2024-11-15,SNK-CHIPS-150,91,2.38,0,Fri
2024-11-16,SNK-CHIPS-150,123,2.37,0,Sat
2024-11-17,SNK-CHIPS-150,102,2.45,0,Sun
2024-11-18,SNK-CHIPS-150,85,2.42,0,Mon
2024-11-19,SNK-CHIPS-150,69,2.46,0,Tue
2024-11-20,SNK-CHIPS-150,75,2.44,0,Wed
2024-11-21,SNK-CHIPS-150,83,2.37,0,Thu
2024-11-22,SNK-CHIPS-150,73,2.39,0,Fri
2024-11-23,SNK-CHIPS-150,98,2.34,0,Sat
2024-11-24,SNK-CHIPS-150,120,2.45,0,Sun
2024-11-25,SNK-CHIPS-150,88,2.42,0,Mon
2024-11-26,SNK-CHIPS-150,80,2.38,0,Tue
2024-11-27,SNK-CHIPS-150,70,2.41,0,Wed
2024-11-28,SNK-CHIPS-150,164,1.77,1,Thu
2024-11-29,SNK-CHIPS-150,142,1.79,1,Fri
2024-11-30,SNK-CHIPS-150,198,1.81,1,Sat
2024-12-01,SNK-CHIPS-150,100,2.44,0,Sun
2024-12-02,SNK-CHIPS-150,81,2.39,0,Mon
2024-12-03,SNK-CHIPS-150,74,2.39,0,Tue
2024-12-04,SNK-CHIPS-150,86,2.39,0,Wed
2024-12-05,SNK-CHIPS-150,88,2.42,0,Thu
2024-12-06,SNK-CHIPS-150,79,2.34,0,Fri
2024-12-07,SNK-CHIPS-150,105,2.39,0,Sat
2024-12-08,SNK-CHIPS-150,99,2.38,0,Sun
2024-12-09,SNK-CHIPS-150,79,2.43,0,Mon
2024-12-10,SNK-CHIPS-150,92,2.36,0,Tue
2024-12-11,SNK-CHIPS-150,72,2.44,0,Wed
2024-12-12,SNK-CHIPS-150,71,2.43,0,Thu
2024-12-13,SNK-CHIPS-150,75,2.44,0,Fri
2024-12-14,SNK-CHIPS-150,100,2.37,0,Sat
2024-12-15,SNK-CHIPS-150,106,2.37,0,Sun
2024-12-16,SNK-CHIPS-150,78,2.41,0,Mon
2024-12-17,SNK-CHIPS-150,50,2.38,0,Tue
2024-12-18,SNK-CHIPS-150,63,2.4,0,Wed
2024-12-19,SNK-CHIPS-150,87,2.41,0,Thu
2024-12-20,SNK-CHIPS-150,75,2.41,0,Fri
2024-12-21,SNK-CHIPS-150,101,2.39,0,Sat
2024-12-22,SNK-CHIPS-150,97,2.38,0,Sun
2024-12-23,SNK-CHIPS-150,89,2.37,0,Mon
2024-12-24,SNK-CHIPS-150,86,2.4,0,Tue
2024-12-25,SNK-CHIPS-150,79,2.39,0,Wed
2024-12-26,SNK-CHIPS-150,82,2.39,0,Thu
2024-12-27,SNK-CHIPS-150,78,2.43,0,Fri
2024-12-28,SNK-CHIPS-150,95,2.38,0,Sat
2024-12-29,SNK-CHIPS-150,95,2.46,0,Sun
2024-12-30,SNK-CHIPS-150,90,2.39,0,Mon
2024-12-31,SNK-CHIPS-150,159,1.83,1,Tue
2025-01-01,SNK-CHIPS-150,194,1.79,1,Wed
2025-01-02,SNK-CHIPS-150,162,1.81,1,Thu
2025-01-03,SNK-CHIPS-150,67,2.39,0,Fri
2025-01-04,SNK-CHIPS-150,110,2.35,0,Sat
2025-01-05,SNK-CHIPS-150,99,2.41,0,Sun
2025-01-06,SNK-CHIPS-150,69,2.36,0,Mon
2025-01-07,SNK-CHIPS-150,67,2.39,0,Tue
2025-01-08,SNK-CHIPS-150,86,2.43,0,Wed
2025-01-09,SNK-CHIPS-150,80,2.5,0,Thu
2025-01-10,SNK-CHIPS-150,72,2.38,0,Fri
2025-01-11,SNK-CHIPS-150,104,2.28,0,Sat
2025-01-12,SNK-CHIPS-150,113,2.39,0,Sun
2025-01-13,SNK-CHIPS-150,82,2.42,0,Mon
2025-01-14,SNK-CHIPS-150,83,2.41,0,Tue
2025-01-15,SNK-CHIPS-150,68,2.45,0,Wed
2025-01-16,SNK-CHIPS-150,68,2.38,0,Thu
2025-01-17,SNK-CHIPS-150,85,2.46,0,Fri
2025-01-18,SNK-CHIPS-150,88,2.43,0,Sat
2025-01-19,SNK-CHIPS-150,99,2.41,0,Sun
2025-01-20,SNK-CHIPS-150,77,2.4,0,Mon
2025-01-21,SNK-CHIPS-150,75,2.42,0,Tue
2025-01-22,SNK-CHIPS-150,79,2.43,0,Wed
2025-01-23,SNK-CHIPS-150,78,2.39,0,Thu
2025-01-24,SNK-CHIPS-150,86,2.38,0,Fri
2025-01-25,SNK-CHIPS-150,106,2.39,0,Sat
2025-01-26,SNK-CHIPS-150,88,2.39,0,Sun
2025-01-27,SNK-CHIPS-150,69,2.43,0,Mon
2025-01-28,SNK-CHIPS-150,81,2.42,0,Tue
2025-01-29,SNK-CHIPS-150,75,2.34,0,Wed
2025-01-30,SNK-CHIPS-150,146,1.79,1,Thu
2025-01-31,SNK-CHIPS-150,174,1.77,1,Fri
2025-02-01,SNK-CHIPS-150,215,1.79,1,Sat
2025-02-02,SNK-CHIPS-150,108,2.38,0,Sun
2025-02-03,SNK-CHIPS-150,81,2.37,0,Mon
2025-02-04,SNK-CHIPS-150,79,2.42,0,Tue
2025-02-05,SNK-CHIPS-150,72,2.38,0,Wed
2025-02-06,SNK-CHIPS-150,82,2.41,0,Thu
2025-02-07,SNK-CHIPS-150,74,2.39,0,Fri
2025-02-08,SNK-CHIPS-150,128,2.42,0,Sat
2025-02-09,SNK-CHIPS-150,108,2.39,0,Sun
2025-02-10,SNK-CHIPS-150,59,2.41,0,Mon
2025-02-11,SNK-CHIPS-150,75,2.4,0,Tue
2025-02-12,SNK-CHIPS-150,76,2.45,0,Wed
2025-02-13,SNK-CHIPS-150,80,2.37,0,Thu
2025-02-14,SNK-CHIPS-150,75,2.41,0,Fri
2025-02-15,SNK-CHIPS-150,91,2.4,0,Sat
2025-02-16,SNK-CHIPS-150,114,2.39,0,Sun
2025-02-17,SNK-CHIPS-150,83,2.47,0,Mon
2025-02-18,SNK-CHIPS-150,90,2.41,0,Tue
2025-02-19,SNK-CHIPS-150,92,2.44,0,Wed
2025-02-20,SNK-CHIPS-150,78,2.44,0,Thu
2025-02-21,SNK-CHIPS-150,82,2.41,0,Fri
2025-02-22,SNK-CHIPS-150,107,2.41,0,Sat
2025-02-23,SNK-CHIPS-150,85,2.37,0,Sun
2025-02-24,SNK-CHIPS-150,66,2.38,0,Mon
2025-02-25,SNK-CHIPS-150,82,2.4,0,Tue
2025-02-26,SNK-CHIPS-150,91,2.34,0,Wed
2025-02-27,SNK-CHIPS-150,81,2.43,0,Thu
2025-02-28,SNK-CHIPS-150,94,2.46,0,Fri
2025-03-01,SNK-CHIPS-150,122,2.36,0,Sat
2025-03-02,SNK-CHIPS-150,110,2.42,0,Sun
2025-03-03,SNK-CHIPS-150,75,2.43,0,Mon
2025-03-04,SNK-CHIPS-150,77,2.38,0,Tue
2025-03-05,SNK-CHIPS-150,166,1.78,1,Wed
2025-03-06,SNK-CHIPS-150,153,1.76,1,Thu
2025-03-07,SNK-CHIPS-150,161,1.82,1,Fri
2025-03-08,SNK-CHIPS-150,87,2.41,0,Sat
2025-03-09,SNK-CHIPS-150,105,2.37,0,Sun
2025-03-10,SNK-CHIPS-150,79,2.4,0,Mon
2025-03-11,SNK-CHIPS-150,82,2.43,0,Tue
2025-03-12,SNK-CHIPS-150,84,2.4,0,Wed
2025-03-13,SNK-CHIPS-150,79,2.43,0,Thu
2025-03-14,SNK-CHIPS-150,86,2.44,0,Fri
2025-03-15,SNK-CHIPS-150,110,2.41,0,Sat
2025-03-16,SNK-CHIPS-150,120,2.42,0,Sun
2025-03-17,SNK-CHIPS-150,86,2.43,0,Mon
2025-03-18,SNK-CHIPS-150,84,2.43,0,Tue
2025-03-19,SNK-CHIPS-150,82,2.45,0,Wed
2025-03-20,SNK-CHIPS-150,101,2.33,0,Thu
2025-03-21,SNK-CHIPS-150,75,2.4,0,Fri
2025-03-22,SNK-CHIPS-150,102,2.39,0,Sat
2025-03-23,SNK-CHIPS-150,111,2.48,0,Sun
2025-03-24,SNK-CHIPS-150,94,2.34,0,Mon
2025-03-25,SNK-CHIPS-150,103,2.39,0,Tue
2025-03-26,SNK-CHIPS-150,69,2.36,0,Wed
2025-03-27,SNK-CHIPS-150,83,2.4,0,Thu
2025-03-28,SNK-CHIPS-150,68,2.39,0,Fri
2025-03-29,SNK-CHIPS-150,130,2.42,0,Sat
2025-03-30,SNK-CHIPS-150,133,2.33,0,Sun
2025-03-31,SNK-CHIPS-150,109,2.38,0,Mon
2025-04-01,SNK-CHIPS-150,84,2.42,0,Tue
2025-04-02,SNK-CHIPS-150,90,2.44,0,Wed
2025-04-03,SNK-CHIPS-150,95,2.38,0,Thu
2025-04-04,SNK-CHIPS-150,73,2.38,0,Fri
2025-04-05,SNK-CHIPS-150,105,2.47,0,Sat
2025-04-06,SNK-CHIPS-150,120,2.38,0,Sun
2025-04-07,SNK-CHIPS-150,79,2.34,0,Mon
2025-04-08,SNK-CHIPS-150,85,2.38,0,Tue
2025-04-09,SNK-CHIPS-150,99,2.4,0,Wed
2025-04-10,SNK-CHIPS-150,187,1.79,1,Thu
2025-04-11,SNK-CHIPS-150,155,1.82,1,Fri
2025-04-12,SNK-CHIPS-150,207,1.81,1,Sat
2025-04-13,SNK-CHIPS-150,118,2.44,0,Sun
2025-04-14,SNK-CHIPS-150,77,2.4,0,Mon
2025-04-15,SNK-CHIPS-150,83,2.4,0,Tue
2025-04-16,SNK-CHIPS-150,87,2.43,0,Wed
2025-04-17,SNK-CHIPS-150,100,2.37,0,Thu
2025-04-18,SNK-CHIPS-150,83,2.43,0,Fri
2025-04-19,SNK-CHIPS-150,111,2.44,0,Sat
2025-04-20,SNK-CHIPS-150,120,2.39,0,Sun
2025-04-21,SNK-CHIPS-150,88,2.37,0,Mon
2025-04-22,SNK-CHIPS-150,106,2.39,0,Tue
2025-04-23,SNK-CHIPS-150,86,2.45,0,Wed
2025-04-24,SNK-CHIPS-150,87,2.46,0,Thu
2025-04-25,SNK-CHIPS-150,99,2.41,0,Fri
2025-04-26,SNK-CHIPS-150,147,2.41,0,Sat
2025-04-27,SNK-CHIPS-150,104,2.41,0,Sun
2025-04-28,SNK-CHIPS-150,85,2.45,0,Mon
2025-04-29,SNK-CHIPS-150,65,2.39,0,Tue
2025-04-30,SNK-CHIPS-150,97,2.44,0,Wed
2025-05-01,SNK-CHIPS-150,99,2.43,0,Thu
2025-05-02,SNK-CHIPS-150,89,2.46,0,Fri
2025-05-03,SNK-CHIPS-150,109,2.43,0,Sat
2025-05-04,SNK-CHIPS-150,135,2.39,0,Sun
2025-05-05,SNK-CHIPS-150,80,2.41,0,Mon
2025-05-06,SNK-CHIPS-150,91,2.41,0,Tue
2025-05-07,SNK-CHIPS-150,99,2.37,0,Wed
2025-05-08,SNK-CHIPS-150,79,2.39,0,Thu
2025-05-09,SNK-CHIPS-150,113,2.36,0,Fri
2025-05-10,SNK-CHIPS-150,129,2.35,0,Sat
2025-05-11,SNK-CHIPS-150,128,2.42,0,Sun
2025-05-12,SNK-CHIPS-150,94,2.36,0,Mon
2025-05-13,SNK-CHIPS-150,101,2.41,0,Tue
2025-05-14,SNK-CHIPS-150,169,1.78,1,Wed
2025-05-15,SNK-CHIPS-150,203,1.83,1,Thu
2025-05-16,SNK-CHIPS-150,175,1.81,1,Fri
2025-05-17,SNK-CHIPS-150,124,2.41,0,Sat
2025-05-18,SNK-CHIPS-150,106,2.43,0,Sun
2025-05-19,SNK-CHIPS-150,94,2.4,0,Mon
2025-05-20,SNK-CHIPS-150,100,2.36,0,Tue
2025-05-21,SNK-CHIPS-150,92,2.4,0,Wed
2025-05-22,SNK-CHIPS-150,81,2.41,0,Thu
2025-05-23,SNK-CHIPS-150,100,2.4,0,Fri
2025-05-24,SNK-CHIPS-150,137,2.41,0,Sat
2025-05-25,SNK-CHIPS-150,109,2.36,0,Sun
2025-05-26,SNK-CHIPS-150,100,2.41,0,Mon
2025-05-27,SNK-CHIPS-150,97,2.48,0,Tue
2025-05-28,SNK-CHIPS-150,106,2.37,0,Wed
2025-05-29,SNK-CHIPS-150,84,2.37,0,Thu
2025-05-30,SNK-CHIPS-150,94,2.49,0,Fri
2025-05-31,SNK-CHIPS-150,130,2.43,0,Sat
2025-06-01,SNK-CHIPS-150,124,2.47,0,Sun
2025-06-02,SNK-CHIPS-150,85,2.44,0,Mon
2025-06-03,SNK-CHIPS-150,115,2.35,0,Tue
2025-06-04,SNK-CHIPS-150,99,2.45,0,Wed
2025-06-05,SNK-CHIPS-150,98,2.41,0,Thu
2025-06-06,SNK-CHIPS-150,114,2.38,0,Fri
2025-06-07,SNK-CHIPS-150,132,2.42,0,Sat
2025-06-08,SNK-CHIPS-150,140,2.41,0,Sun
2025-06-09,SNK-CHIPS-150,104,2.42,0,Mon
2025-06-10,SNK-CHIPS-150,106,2.36,0,Tue
2025-06-11,SNK-CHIPS-150,175,1.86,1,Wed
2025-06-12,SNK-CHIPS-150,212,1.8,1,Thu
2025-06-13,SNK-CHIPS-150,202,1.83,1,Fri
2025-06-14,SNK-CHIPS-150,140,2.34,0,Sat
2025-06-15,SNK-CHIPS-150,121,2.36,0,Sun
2025-06-16,SNK-CHIPS-150,94,2.42,0,Mon
2025-06-17,SNK-CHIPS-150,127,2.43,0,Tue
2025-06-18,SNK-CHIPS-150,104,2.43,0,Wed
2025-06-19,SNK-CHIPS-150,94,2.37,0,Thu
2025-06-20,SNK-CHIPS-150,96,2.36,0,Fri
2025-06-21,SNK-CHIPS-150,123,2.36,0,Sat
2025-06-22,SNK-CHIPS-150,117,2.39,0,Sun
2025-06-23,SNK-CHIPS-150,88,2.35,0,Mon
2025-06-24,SNK-CHIPS-150,98,2.42,0,Tue
2025-06-25,SNK-CHIPS-150,107,2.44,0,Wed
2025-06-26,SNK-CHIPS-150,107,2.39,0,Thu
2025-06-27,SNK-CHIPS-150,126,2.35,0,Fri
2025-06-28,SNK-CHIPS-150,123,2.44,0,Sat
2025-06-29,SNK-CHIPS-150,138,2.36,0,Sun
2025-06-30,SNK-CHIPS-150,96,2.33,0,Mon
2025-07-01,SNK-CHIPS-150,98,2.43,0,Tue
2025-07-02,SNK-CHIPS-150,110,2.38,0,Wed
2025-07-03,SNK-CHIPS-150,105,2.36,0,Thu
2025-07-04,SNK-CHIPS-150,92,2.38,0,Fri
2025-07-05,SNK-CHIPS-150,115,2.42,0,Sat
2025-07-06,SNK-CHIPS-150,232,1.85,1,Sun
2025-07-07,SNK-CHIPS-150,169,1.85,1,Mon
2025-07-08,SNK-CHIPS-150,171,1.82,1,Tue
2025-07-09,SNK-CHIPS-150,105,2.35,0,Wed
2025-07-10,SNK-CHIPS-150,86,2.42,0,Thu
2025-07-11,SNK-CHIPS-150,89,2.44,0,Fri
2025-07-12,SNK-CHIPS-150,135,2.4,0,Sat
2025-07-13,SNK-CHIPS-150,105,2.42,0,Sun
2025-07-14,SNK-CHIPS-150,101,2.46,0,Mon
2025-07-15,SNK-CHIPS-150,91,2.38,0,Tue
2025-07-16,SNK-CHIPS-150,90,2.34,0,Wed
2025-07-17,SNK-CHIPS-150,95,2.42,0,Thu
2025-07-18,SNK-CHIPS-150,97,2.36,0,Fri
2025-07-19,SNK-CHIPS-150,121,2.46,0,Sat
2025-07-20,SNK-CHIPS-150,150,2.38,0,Sun
2025-07-21,SNK-CHIPS-150,99,2.42,0,Mon
2025-07-22,SNK-CHIPS-150,85,2.38,0,Tue
2025-07-23,SNK-CHIPS-150,98,2.36,0,Wed
2025-07-24,SNK-CHIPS-150,104,2.39,0,Thu
2025-07-25,SNK-CHIPS-150,101,2.42,0,Fri
2025-07-26,SNK-CHIPS-150,116,2.41,0,Sat
2025-07-27,SNK-CHIPS-150,130,2.32,0,Sun
2025-07-28,SNK-CHIPS-150,95,2.37,0,Mon
2025-07-29,SNK-CHIPS-150,88,2.39,0,Tue
2025-07-30,SNK-CHIPS-150,101,2.36,0,Wed
2025-07-31,SNK-CHIPS-150,185,1.8,1,Thu
2025-08-01,SNK-CHIPS-150,192,1.81,1,Fri
2025-08-02,SNK-CHIPS-150,265,1.77,1,Sat
2025-08-03,SNK-CHIPS-150,115,2.47,0,Sun
2025-08-04,SNK-CHIPS-150,110,2.44,0,Mon
2025-08-05,SNK-CHIPS-150,88,2.45,0,Tue
2025-08-06,SNK-CHIPS-150,96,2.47,0,Wed
2025-08-07,SNK-CHIPS-150,98,2.39,0,Thu
2025-08-08,SNK-CHIPS-150,98,2.42,0,Fri
2025-08-09,SNK-CHIPS-150,147,2.39,0,Sat
2025-08-10,SNK-CHIPS-150,118,2.37,0,Sun
2025-08-11,SNK-CHIPS-150,104,2.43,0,Mon
2025-08-12,SNK-CHIPS-150,86,2.44,0,Tue
2025-08-13,SNK-CHIPS-150,101,2.44,0,Wed
2025-08-14,SNK-CHIPS-150,83,2.46,0,Thu
2025-08-15,SNK-CHIPS-150,95,2.41,0,Fri
2025-08-16,SNK-CHIPS-150,124,2.34,0,Sat
2025-08-17,SNK-CHIPS-150,119,2.44,0,Sun
2025-08-18,SNK-CHIPS-150,109,2.37,0,Mon
2025-08-19,SNK-CHIPS-150,105,2.44,0,Tue
2025-08-20,SNK-CHIPS-150,100,2.37,0,Wed
2025-08-21,SNK-CHIPS-150,89,2.44,0,Thu
2025-08-22,SNK-CHIPS-150,109,2.37,0,Fri
2025-08-23,SNK-CHIPS-150,109,2.46,0,Sat
2025-08-24,SNK-CHIPS-150,116,2.31,0,Sun
2025-08-25,SNK-CHIPS-150,99,2.36,0,Mon
2025-08-26,SNK-CHIPS-150,95,2.42,0,Tue
2025-08-27,SNK-CHIPS-150,101,2.37,0,Wed
2025-08-28,SNK-CHIPS-150,99,2.37,0,Thu
2025-08-29,SNK-CHIPS-150,126,2.38,0,Fri
2025-08-30,SNK-CHIPS-150,114,2.43,0,Sat
2025-08-31,SNK-CHIPS-150,125,2.36,0,Sun
2025-09-01,SNK-CHIPS-150,186,1.76,1,Mon
2025-09-02,SNK-CHIPS-150,214,1.78,1,Tue
2025-09-03,SNK-CHIPS-150,179,1.79,1,Wed
2025-09-04,SNK-CHIPS-150,89,2.35,0,Thu
2025-09-05,SNK-CHIPS-150,95,2.4,0,Fri
2025-09-06,SNK-CHIPS-150,115,2.44,0,Sat
2025-09-07,SNK-CHIPS-150,126,2.44,0,Sun
2025-09-08,SNK-CHIPS-150,77,2.4,0,Mon
2025-09-09,SNK-CHIPS-150,107,2.35,0,Tue
2025-09-10,SNK-CHIPS-150,95,2.45,0,Wed
2025-09-11,SNK-CHIPS-150,90,2.43,0,Thu
2025-09-12,SNK-CHIPS-150,90,2.39,0,Fri
2025-09-13,SNK-CHIPS-150,126,2.44,0,Sat
2025-09-14,SNK-CHIPS-150,121,2.39,0,Sun
2025-09-15,SNK-CHIPS-150,98,2.42,0,Mon
2025-09-16,SNK-CHIPS-150,114,2.37,0,Tue
2025-09-17,SNK-CHIPS-150,95,2.41,0,Wed
2025-09-18,SNK-CHIPS-150,102,2.45,0,Thu
2025-09-19,SNK-CHIPS-150,100,2.4,0,Fri
2025-09-20,SNK-CHIPS-150,119,2.36,0,Sat
2025-09-21,SNK-CHIPS-150,147,2.32,0,Sun
2025-09-22,SNK-CHIPS-150,106,2.33,0,Mon
2025-09-23,SNK-CHIPS-150,87,2.37,0,Tue
2025-09-24,SNK-CHIPS-150,98,2.39,0,Wed
2025-09-25,SNK-CHIPS-150,110,2.42,0,Thu
2025-09-26,SNK-CHIPS-150,202,1.81,1,Fri
2025-09-27,SNK-CHIPS-150,265,1.78,1,Sat
2025-09-28,SNK-CHIPS-150,232,1.8,1,Sun
2025-09-29,SNK-CHIPS-150,93,2.4,0,Mon
2025-09-30,SNK-CHIPS-150,97,2.41,0,Tue
2025-10-01,SNK-CHIPS-150,88,2.38,0,Wed
2025-10-02,SNK-CHIPS-150,76,2.43,0,Thu
2025-10-03,SNK-CHIPS-150,109,2.38,0,Fri
2025-10-04,SNK-CHIPS-150,121,2.3,0,Sat
2025-10-05,SNK-CHIPS-150,100,2.42,0,Sun
2025-10-06,SNK-CHIPS-150,65,2.49,0,Mon
2025-10-07,SNK-CHIPS-150,104,2.45,0,Tue
2025-10-08,SNK-CHIPS-150,89,2.43,0,Wed
2025-10-09,SNK-CHIPS-150,84,2.41,0,Thu
2025-10-10,SNK-CHIPS-150,80,2.43,0,Fri
2025-10-11,SNK-CHIPS-150,133,2.39,0,Sat
2025-10-12,SNK-CHIPS-150,119,2.36,0,Sun
2025-10-13,SNK-CHIPS-150,79,2.41,0,Mon
2025-10-14,SNK-CHIPS-150,92,2.44,0,Tue
2025-10-15,SNK-CHIPS-150,94,2.35,0,Wed
2025-10-16,SNK-CHIPS-150,87,2.37,0,Thu
2025-10-17,SNK-CHIPS-150,85,2.4,0,Fri
2025-10-18,SNK-CHIPS-150,108,2.43,0,Sat
2025-10-19,SNK-CHIPS-150,115,2.44,0,Sun
2025-10-20,SNK-CHIPS-150,84,2.43,0,Mon
2025-10-21,SNK-CHIPS-150,81,2.38,0,Tue
2025-10-22,SNK-CHIPS-150,98,2.42,0,Wed
2025-10-23,SNK-CHIPS-150,97,2.48,0,Thu
2025-10-24,SNK-CHIPS-150,88,2.41,0,Fri
2025-10-25,SNK-CHIPS-150,116,2.41,0,Sat
2025-10-26,SNK-CHIPS-150,124,2.45,0,Sun
2025-10-27,SNK-CHIPS-150,86,2.37,0,Mon
2025-10-28,SNK-CHIPS-150,90,2.45,0,Tue
2025-10-29,SNK-CHIPS-150,101,2.39,0,Wed
2025-10-30,SNK-CHIPS-150,88,2.39,0,Thu
2025-10-31,SNK-CHIPS-150,144,1.79,1,Fri
2025-11-01,SNK-CHIPS-150,199,1.82,1,Sat
2025-11-02,SNK-CHIPS-150,217,1.78,1,Sun
2025-11-03,SNK-CHIPS-150,87,2.43,0,Mon
2025-11-04,SNK-CHIPS-150,74,2.4,0,Tue
2025-11-05,SNK-CHIPS-150,76,2.4,0,Wed
2025-11-06,SNK-CHIPS-150,91,2.41,0,Thu
2025-11-07,SNK-CHIPS-150,107,2.4,0,Fri
2025-11-08,SNK-CHIPS-150,120,2.42,0,Sat
2025-11-09,SNK-CHIPS-150,112,2.41,0,Sun
2025-11-10,SNK-CHIPS-150,96,2.43,0,Mon
2025-11-11,SNK-CHIPS-150,101,2.35,0,Tue
2025-11-12,SNK-CHIPS-150,95,2.42,0,Wed
2025-11-13,SNK-CHIPS-150,76,2.42,0,Thu
2025-11-14,SNK-CHIPS-150,107,2.36,0,Fri
2025-11-15,SNK-CHIPS-150,97,2.41,0,Sat
2025-11-16,SNK-CHIPS-150,109,2.41,0,Sun
2025-11-17,SNK-CHIPS-150,71,2.33,0,Mon
2025-11-18,SNK-CHIPS-150,93,2.34,0,Tue
2025-11-19,SNK-CHIPS-150,85,2.4,0,Wed
2025-11-20,SNK-CHIPS-150,92,2.41,0,Thu
2025-11-21,SNK-CHIPS-150,89,2.32,0,Fri
2025-11-22,SNK-CHIPS-150,101,2.37,0,Sat
2025-11-23,SNK-CHIPS-150,113,2.38,0,Sun
2025-11-24,SNK-CHIPS-150,75,2.39,0,Mon
2025-11-25,SNK-CHIPS-150,106,2.38,0,Tue
2025-11-26,SNK-CHIPS-150,74,2.36,0,Wed
2025-11-27,SNK-CHIPS-150,91,2.41,0,Thu
2025-11-28,SNK-CHIPS-150,76,2.42,0,Fri
2025-11-29,SNK-CHIPS-150,101,2.44,0,Sat
2025-11-30,SNK-CHIPS-150,108,2.36,0,Sun
2025-12-01,SNK-CHIPS-150,92,2.4,0,Mon
2025-12-02,SNK-CHIPS-150,168,1.82,1,Tue
2025-12-03,SNK-CHIPS-150,168,1.83,1,Wed
2025-12-04,SNK-CHIPS-150,144,1.82,1,Thu
2025-12-05,SNK-CHIPS-150,96,2.34,0,Fri
2025-12-06,SNK-CHIPS-150,112,2.35,0,Sat
2025-12-07,SNK-CHIPS-150,106,2.4,0,Sun
2025-12-08,SNK-CHIPS-150,99,2.38,0,Mon
2025-12-09,SNK-CHIPS-150,99,2.31,0,Tue
2025-12-10,SNK-CHIPS-150,81,2.48,0,Wed
2025-12-11,SNK-CHIPS-150,92,2.4,0,Thu
2025-12-12,SNK-CHIPS-150,72,2.47,0,Fri
2025-12-13,SNK-CHIPS-150,109,2.4,0,Sat
2025-12-14,SNK-CHIPS-150,111,2.42,0,Sun
2025-12-15,SNK-CHIPS-150,80,2.42,0,Mon
2025-12-16,SNK-CHIPS-150,79,2.4,0,Tue
2025-12-17,SNK-CHIPS-150,85,2.38,0,Wed
2025-12-18,SNK-CHIPS-150,76,2.39,0,Thu
2025-12-19,SNK-CHIPS-150,81,2.46,0,Fri
2025-12-20,SNK-CHIPS-150,127,2.35,0,Sat
2025-12-21,SNK-CHIPS-150,119,2.37,0,Sun
2025-12-22,SNK-CHIPS-150,87,2.4,0,Mon
2025-12-23,SNK-CHIPS-150,79,2.41,0,Tue
2025-12-24,SNK-CHIPS-150,102,2.4,0,Wed
2025-12-25,SNK-CHIPS-150,90,2.32,0,Thu
2025-12-26,SNK-CHIPS-150,149,1.81,1,Fri
2025-12-27,SNK-CHIPS-150,276,1.76,1,Sat
2025-12-28,SNK-CHIPS-150,267,1.79,1,Sun
2025-12-29,SNK-CHIPS-150,84,2.42,0,Mon
2025-12-30,SNK-CHIPS-150,89,2.42,0,Tue
2024-01-01,ICE-VANIL-500,16,4.52,0,Mon
2024-01-02,ICE-VANIL-500,11,4.67,0,Tue
2024-01-03,ICE-VANIL-500,14,4.57,0,Wed
2024-01-04,ICE-VANIL-500,14,4.53,0,Thu
2024-01-05,ICE-VANIL-500,15,4.5,0,Fri
2024-01-06,ICE-VANIL-500,21,4.54,0,Sat
2024-01-07,ICE-VANIL-500,22,4.58,0,Sun
2024-01-08,ICE-VANIL-500,13,4.53,0,Mon
2024-01-09,ICE-VANIL-500,13,4.62,0,Tue
2024-01-10,ICE-VANIL-500,12,4.49,0,Wed
2024-01-11,ICE-VANIL-500,12,4.48,0,Thu
2024-01-12,ICE-VANIL-500,13,4.51,0,Fri
2024-01-13,ICE-VANIL-500,22,4.36,0,Sat
2024-01-14,ICE-VANIL-500,21,4.54,0,Sun
2024-01-15,ICE-VANIL-500,34,3.33,1,Mon
2024-01-16,ICE-VANIL-500,26,3.34,1,Tue
2024-01-17,ICE-VANIL-500,30,3.32,1,Wed
2024-01-18,ICE-VANIL-500,15,4.57,0,Thu
2024-01-19,ICE-VANIL-500,12,4.51,0,Fri
2024-01-20,ICE-VANIL-500,20,4.46,0,Sat
2024-01-21,ICE-VANIL-500,18,4.49,0,Sun
2024-01-22,ICE-VANIL-500,15,4.51,0,Mon
2024-01-23,ICE-VANIL-500,15,4.49,0,Tue
2024-01-24,ICE-VANIL-500,12,4.44,0,Wed
2024-01-25,ICE-VANIL-500,16,4.46,0,Thu
2024-01-26,ICE-VANIL-500,13,4.57,0,Fri
2024-01-27,ICE-VANIL-500,22,4.58,0,Sat
2024-01-28,ICE-VANIL-500,23,4.6,0,Sun
2024-01-29,ICE-VANIL-500,16,4.47,0,Mon
2024-01-30,ICE-VANIL-500,14,4.45,0,Tue
2024-01-31,ICE-VANIL-500,17,4.4,0,Wed
2024-02-01,ICE-VANIL-500,16,4.5,0,Thu
2024-02-02,ICE-VANIL-500,18,4.47,0,Fri
2024-02-03,ICE-VANIL-500,24,4.47,0,Sat
2024-02-04,ICE-VANIL-500,28,4.58,0,Sun
2024-02-05,ICE-VANIL-500,14,4.52,0,Mon
2024-02-06,ICE-VANIL-500,18,4.46,0,Tue
2024-02-07,ICE-VANIL-500,20,4.5,0,Wed
2024-02-08,ICE-VANIL-500,19,4.41,0,Thu
2024-02-09,ICE-VANIL-500,20,4.46,0,Fri
2024-02-10,ICE-VANIL-500,31,4.49,0,Sat
2024-02-11,ICE-VANIL-500,25,4.46,0,Sun
2024-02-12,ICE-VANIL-500,39,3.32,1,Mon
2024-02-13,ICE-VANIL-500,48,3.32,1,Tue
2024-02-14,ICE-VANIL-500,42,3.44,1,Wed
2024-02-15,ICE-VANIL-500,20,4.43,0,Thu
2024-02-16,ICE-VANIL-500,23,4.45,0,Fri
2024-02-17,ICE-VANIL-500,33,4.52,0,Sat
2024-02-18,ICE-VANIL-500,26,4.47,0,Sun
2024-02-19,ICE-VANIL-500,19,4.45,0,Mon
2024-02-20,ICE-VANIL-500,21,4.52,0,Tue
2024-02-21,ICE-VANIL-500,21,4.45,0,Wed
2024-02-22,ICE-VANIL-500,19,4.61,0,Thu
2024-02-23,ICE-VANIL-500,23,4.44,0,Fri
2024-02-24,ICE-VANIL-500,35,4.45,0,Sat
2024-02-25,ICE-VANIL-500,42,4.54,0,Sun
2024-02-26,ICE-VANIL-500,25,4.38,0,Mon
2024-02-27,ICE-VANIL-500,24,4.5,0,Tue
2024-02-28,ICE-VANIL-500,24,4.49,0,Wed
2024-02-29,ICE-VANIL-500,23,4.57,0,Thu
2024-03-01,ICE-VANIL-500,26,4.49,0,Fri
2024-03-02,ICE-VANIL-500,39,4.51,0,Sat
2024-03-03,ICE-VANIL-500,40,4.57,0,Sun
2024-03-04,ICE-VANIL-500,27,4.51,0,Mon
2024-03-05,ICE-VANIL-500,26,4.43,0,Tue
2024-03-06,ICE-VANIL-500,29,4.43,0,Wed
2024-03-07,ICE-VANIL-500,56,3.34,1,Thu
2024-03-08,ICE-VANIL-500,65,3.39,1,Fri
2024-03-09,ICE-VANIL-500,121,3.29,1,Sat
2024-03-10,ICE-VANIL-500,46,4.5,0,Sun
2024-03-11,ICE-VANIL-500,29,4.57,0,Mon
2024-03-12,ICE-VANIL-500,38,4.46,0,Tue
2024-03-13,ICE-VANIL-500,32,4.43,0,Wed
2024-03-14,ICE-VANIL-500,27,4.56,0,Thu
2024-03-15,ICE-VANIL-500,34,4.49,0,Fri
2024-03-16,ICE-VANIL-500,43,4.66,0,Sat
2024-03-17,ICE-VANIL-500,55,4.5,0,Sun
2024-03-18,ICE-VANIL-500,29,4.51,0,Mon
2024-03-19,ICE-VANIL-500,34,4.53,0,Tue
2024-03-20,ICE-VANIL-500,38,4.53,0,Wed
2024-03-21,ICE-VANIL-500,36,4.57,0,Thu
2024-03-22,ICE-VANIL-500,32,4.52,0,Fri
2024-03-23,ICE-VANIL-500,58,4.49,0,Sat
2024-03-24,ICE-VANIL-500,59,4.47,0,Sun
2024-03-25,ICE-VANIL-500,44,4.44,0,Mon
2024-03-26,ICE-VANIL-500,34,4.65,0,Tue
2024-03-27,ICE-VANIL-500,37,4.53,0,Wed
2024-03-28,ICE-VANIL-500,39,4.59,0,Thu
2024-03-29,ICE-VANIL-500,39,4.51,0,Fri
2024-03-30,ICE-VANIL-500,56,4.51,0,Sat
2024-03-31,ICE-VANIL-500,58,4.55,0,Sun
2024-04-01,ICE-VANIL-500,41,4.54,0,Mon
2024-04-02,ICE-VANIL-500,41,4.57,0,Tue
2024-04-03,ICE-VANIL-500,37,4.57,0,Wed
2024-04-04,ICE-VANIL-500,41,4.54,0,Thu
2024-04-05,ICE-VANIL-500,44,4.51,0,Fri
2024-04-06,ICE-VANIL-500,53,4.56,0,Sat
2024-04-07,ICE-VANIL-500,59,4.52,0,Sun
2024-04-08,ICE-VANIL-500,35,4.58,0,Mon
2024-04-09,ICE-VANIL-500,39,4.43,0,Tue
2024-04-10,ICE-VANIL-500,39,4.61,0,Wed
2024-04-11,ICE-VANIL-500,44,4.51,0,Thu
2024-04-12,ICE-VANIL-500,49,4.38,0,Fri
2024-04-13,ICE-VANIL-500,157,3.41,1,Sat
2024-04-14,ICE-VANIL-500,155,3.42,1,Sun
2024-04-15,ICE-VANIL-500,103,3.38,1,Mon
2024-04-16,ICE-VANIL-500,59,4.52,0,Tue
2024-04-17,ICE-VANIL-500,51,4.52,0,Wed
2024-04-18,ICE-VANIL-500,48,4.46,0,Thu
2024-04-19,ICE-VANIL-500,44,4.6,0,Fri
2024-04-20,ICE-VANIL-500,83,4.44,0,Sat
2024-04-21,ICE-VANIL-500,100,4.47,0,Sun
2024-04-22,ICE-VANIL-500,59,4.34,0,Mon
2024-04-23,ICE-VANIL-500,47,4.55,0,Tue
2024-04-24,ICE-VANIL-500,58,4.46,0,Wed
2024-04-25,ICE-VANIL-500,48,4.61,0,Thu
2024-04-26,ICE-VANIL-500,64,4.39,0,Fri
2024-04-27,ICE-VANIL-500,81,4.6,0,Sat
2024-04-28,ICE-VANIL-500,108,4.35,0,Sun
2024-04-29,ICE-VANIL-500,64,4.49,0,Mon
2024-04-30,ICE-VANIL-500,56,4.5,0,Tue
2024-05-01,ICE-VANIL-500,68,4.47,0,Wed
2024-05-02,ICE-VANIL-500,44,4.6,0,Thu
2024-05-03,ICE-VANIL-500,72,4.44,0,Fri
2024-05-04,ICE-VANIL-500,81,4.48,0,Sat
2024-05-05,ICE-VANIL-500,93,4.5,0,Sun
2024-05-06,ICE-VANIL-500,58,4.49,0,Mon
2024-05-07,ICE-VANIL-500,59,4.48,0,Tue
2024-05-08,ICE-VANIL-500,57,4.52,0,Wed
2024-05-09,ICE-VANIL-500,62,4.48,0,Thu
2024-05-10,ICE-VANIL-500,63,4.59,0,Fri
2024-05-11,ICE-VANIL-500,105,4.49,0,Sat
2024-05-12,ICE-VANIL-500,109,4.53,0,Sun
2024-05-13,ICE-VANIL-500,75,4.53,0,Mon
2024-05-14,ICE-VANIL-500,62,4.59,0,Tue
2024-05-15,ICE-VANIL-500,157,3.35,1,Wed
2024-05-16,ICE-VANIL-500,140,3.4,1,Thu
2024-05-17,ICE-VANIL-500,123,3.3,1,Fri
2024-05-18,ICE-VANIL-500,111,4.52,0,Sat
2024-05-19,ICE-VANIL-500,89,4.55,0,Sun
2024-05-20,ICE-VANIL-500,62,4.57,0,Mon
2024-05-21,ICE-VANIL-500,70,4.53,0,Tue
2024-05-22,ICE-VANIL-500,66,4.45,0,Wed
2024-05-23,ICE-VANIL-500,67,4.36,0,Thu
2024-05-24,ICE-VANIL-500,77,4.38,0,Fri
2024-05-25,ICE-VANIL-500,119,4.5,0,Sat
2024-05-26,ICE-VANIL-500,102,4.52,0,Sun
2024-05-27,ICE-VANIL-500,68,4.52,0,Mon
2024-05-28,ICE-VANIL-500,72,4.54,0,Tue
2024-05-29,ICE-VANIL-500,74,4.43,0,Wed
2024-05-30,ICE-VANIL-500,70,4.5,0,Thu
2024-05-31,ICE-VANIL-500,83,4.56,0,Fri
2024-06-01,ICE-VANIL-500,110,4.48,0,Sat
2024-06-02,ICE-VANIL-500,120,4.35,0,Sun
2024-06-03,ICE-VANIL-500,58,4.47,0,Mon
2024-06-04,ICE-VANIL-500,78,4.52,0,Tue
2024-06-05,ICE-VANIL-500,73,4.45,0,Wed
2024-06-06,ICE-VANIL-500,83,4.43,0,Thu
2024-06-07,ICE-VANIL-500,76,4.4,0,Fri
2024-06-08,ICE-VANIL-500,111,4.63,0,Sat
2024-06-09,ICE-VANIL-500,114,4.53,0,Sun
2024-06-10,ICE-VANIL-500,78,4.42,0,Mon
2024-06-11,ICE-VANIL-500,68,4.53,0,Tue
2024-06-12,ICE-VANIL-500,85,4.52,0,Wed
2024-06-13,ICE-VANIL-500,63,4.57,0,Thu
2024-06-14,ICE-VANIL-500,67,4.43,0,Fri
2024-06-15,ICE-VANIL-500,268,3.43,1,Sat
2024-06-16,ICE-VANIL-500,233,3.41,1,Sun
2024-06-17,ICE-VANIL-500,175,3.32,1,Mon
2024-06-18,ICE-VANIL-500,71,4.51,0,Tue
2024-06-19,ICE-VANIL-500,83,4.51,0,Wed
2024-06-20,ICE-VANIL-500,70,4.52,0,Thu
2024-06-21,ICE-VANIL-500,81,4.36,0,Fri
2024-06-22,ICE-VANIL-500,119,4.51,0,Sat
2024-06-23,ICE-VANIL-500,116,4.47,0,Sun
2024-06-24,ICE-VANIL-500,77,4.55,0,Mon
2024-06-25,ICE-VANIL-500,71,4.51,0,Tue
2024-06-26,ICE-VANIL-500,82,4.46,0,Wed
2024-06-27,ICE-VANIL-500,72,4.43,0,Thu
2024-06-28,ICE-VANIL-500,90,4.48,0,Fri
2024-06-29,ICE-VANIL-500,142,4.51,0,Sat
2024-06-30,ICE-VANIL-500,121,4.49,0,Sun
2024-07-01,ICE-VANIL-500,79,4.41,0,Mon
2024-07-02,ICE-VANIL-500,80,4.6,0,Tue
2024-07-03,ICE-VANIL-500,84,4.55,0,Wed
2024-07-04,ICE-VANIL-500,79,4.5,0,Thu
2024-07-05,ICE-VANIL-500,86,4.51,0,Fri
2024-07-06,ICE-VANIL-500,130,4.53,0,Sat
2024-07-07,ICE-VANIL-500,115,4.51,0,Sun
2024-07-08,ICE-VANIL-500,74,4.48,0,Mon
2024-07-09,ICE-VANIL-500,62,4.57,0,Tue
2024-07-10,ICE-VANIL-500,101,4.49,0,Wed
2024-07-11,ICE-VANIL-500,72,4.48,0,Thu
2024-07-12,ICE-VANIL-500,91,4.5,0,Fri
2024-07-13,ICE-VANIL-500,134,4.49,0,Sat
2024-07-14,ICE-VANIL-500,261,3.38,1,Sun
2024-07-15,ICE-VANIL-500,162,3.53,1,Mon
2024-07-16,ICE-VANIL-500,169,3.35,1,Tue
2024-07-17,ICE-VANIL-500,83,4.53,0,Wed
2024-07-18,ICE-VANIL-500,80,4.55,0,Thu
2024-07-19,ICE-VANIL-500,89,4.4,0,Fri
2024-07-20,ICE-VANIL-500,123,4.48,0,Sat
2024-07-21,ICE-VANIL-500,123,4.4,0,Sun
2024-07-22,ICE-VANIL-500,82,4.45,0,Mon
2024-07-23,ICE-VANIL-500,84,4.4,0,Tue
2024-07-24,ICE-VANIL-500,71,4.51,0,Wed
2024-07-25,ICE-VANIL-500,74,4.46,0,Thu
2024-07-26,ICE-VANIL-500,58,4.56,0,Fri
2024-07-27,ICE-VANIL-500,104,4.48,0,Sat
2024-07-28,ICE-VANIL-500,136,4.47,0,Sun
2024-07-29,ICE-VANIL-500,82,4.46,0,Mon
2024-07-30,ICE-VANIL-500,97,4.44,0,Tue
2024-07-31,ICE-VANIL-500,86,4.56,0,Wed
2024-08-01,ICE-VANIL-500,73,4.41,0,Thu
2024-08-02,ICE-VANIL-500,75,4.57,0,Fri
2024-08-03,ICE-VANIL-500,127,4.48,0,Sat
2024-08-04,ICE-VANIL-500,136,4.42,0,Sun
2024-08-05,ICE-VANIL-500,82,4.5,0,Mon
2024-08-06,ICE-VANIL-500,84,4.45,0,Tue
2024-08-07,ICE-VANIL-500,87,4.45,0,Wed
2024-08-08,ICE-VANIL-500,82,4.58,0,Thu
2024-08-09,ICE-VANIL-500,81,4.53,0,Fri
2024-08-10,ICE-VANIL-500,140,4.32,0,Sat
2024-08-11,ICE-VANIL-500,121,4.48,0,Sun
2024-08-12,ICE-VANIL-500,66,4.48,0,Mon
2024-08-13,ICE-VANIL-500,82,4.46,0,Tue
2024-08-14,ICE-VANIL-500,68,4.6,0,Wed
2024-08-15,ICE-VANIL-500,88,4.44,0,Thu
2024-08-16,ICE-VANIL-500,201,3.33,1,Fri
2024-08-17,ICE-VANIL-500,228,3.38,1,Sat
2024-08-18,ICE-VANIL-500,285,3.42,1,Sun
2024-08-19,ICE-VANIL-500,89,4.4,0,Mon
2024-08-20,ICE-VANIL-500,85,4.48,0,Tue
2024-08-21,ICE-VANIL-500,62,4.47,0,Wed
2024-08-22,ICE-VANIL-500,79,4.53,0,Thu
2024-08-23,ICE-VANIL-500,80,4.64,0,Fri
2024-08-24,ICE-VANIL-500,107,4.55,0,Sat
2024-08-25,ICE-VANIL-500,110,4.46,0,Sun
2024-08-26,ICE-VANIL-500,71,4.44,0,Mon
2024-08-27,ICE-VANIL-500,78,4.33,0,Tue
2024-08-28,ICE-VANIL-500,89,4.5,0,Wed
2024-08-29,ICE-VANIL-500,65,4.55,0,Thu
2024-08-30,ICE-VANIL-500,60,4.54,0,Fri
2024-08-31,ICE-VANIL-500,89,4.46,0,Sat
2024-09-01,ICE-VANIL-500,108,4.6,0,Sun
2024-09-02,ICE-VANIL-500,70,4.42,0,Mon
2024-09-03,ICE-VANIL-500,69,4.56,0,Tue
2024-09-04,ICE-VANIL-500,61,4.53,0,Wed
2024-09-05,ICE-VANIL-500,69,4.46,0,Thu
2024-09-06,ICE-VANIL-500,59,4.56,0,Fri
2024-09-07,ICE-VANIL-500,118,4.42,0,Sat
2024-09-08,ICE-VANIL-500,116,4.44,0,Sun
2024-09-09,ICE-VANIL-500,70,4.52,0,Mon
2024-09-10,ICE-VANIL-500,65,4.62,0,Tue
2024-09-11,ICE-VANIL-500,57,4.55,0,Wed
2024-09-12,ICE-VANIL-500,69,4.45,0,Thu
2024-09-13,ICE-VANIL-500,69,4.6,0,Fri
2024-09-14,ICE-VANIL-500,94,4.66,0,Sat
2024-09-15,ICE-VANIL-500,227,3.39,1,Sun
2024-09-16,ICE-VANIL-500,132,3.38,1,Mon
2024-09-17,ICE-VANIL-500,150,3.32,1,Tue
2024-09-18,ICE-VANIL-500,65,4.43,0,Wed
2024-09-19,ICE-VANIL-500,69,4.4,0,Thu
2024-09-20,ICE-VANIL-500,66,4.43,0,Fri
2024-09-21,ICE-VANIL-500,91,4.39,0,Sat
2024-09-22,ICE-VANIL-500,80,4.58,0,Sun
2024-09-23,ICE-VANIL-500,55,4.5,0,Mon
2024-09-24,ICE-VANIL-500,63,4.34,0,Tue
2024-09-25,ICE-VANIL-500,49,4.53,0,Wed
2024-09-26,ICE-VANIL-500,51,4.54,0,Thu
2024-09-27,ICE-VANIL-500,57,4.43,0,Fri
2024-09-28,ICE-VANIL-500,107,4.45,0,Sat
2024-09-29,ICE-VANIL-500,94,4.4,0,Sun
2024-09-30,ICE-VANIL-500,42,4.57,0,Mon
2024-10-01,ICE-VANIL-500,59,4.38,0,Tue
2024-10-02,ICE-VANIL-500,55,4.47,0,Wed
2024-10-03,ICE-VANIL-500,48,4.58,0,Thu
2024-10-04,ICE-VANIL-500,38,4.43,0,Fri
2024-10-05,ICE-VANIL-500,71,4.51,0,Sat
2024-10-06,ICE-VANIL-500,79,4.52,0,Sun
2024-10-07,ICE-VANIL-500,61,4.41,0,Mon
2024-10-08,ICE-VANIL-500,52,4.57,0,Tue
2024-10-09,ICE-VANIL-500,48,4.42,0,Wed
2024-10-10,ICE-VANIL-500,47,4.46,0,Thu
2024-10-11,ICE-VANIL-500,51,4.42,0,Fri
2024-10-12,ICE-VANIL-500,75,4.52,0,Sat
2024-10-13,ICE-VANIL-500,82,4.47,0,Sun
2024-10-14,ICE-VANIL-500,33,4.51,0,Mon
2024-10-15,ICE-VANIL-500,45,4.46,0,Tue
2024-10-16,ICE-VANIL-500,42,4.57,0,Wed
2024-10-17,ICE-VANIL-500,41,4.48,0,Thu
2024-10-18,ICE-VANIL-500,41,4.54,0,Fri
2024-10-19,ICE-VANIL-500,63,4.46,0,Sat
2024-10-20,ICE-VANIL-500,61,4.54,0,Sun
2024-10-21,ICE-VANIL-500,101,3.29,1,Mon
2024-10-22,ICE-VANIL-500,94,3.34,1,Tue
2024-10-23,ICE-VANIL-500,98,3.39,1,Wed
2024-10-24,ICE-VANIL-500,36,4.57,0,Thu
2024-10-25,ICE-VANIL-500,34,4.49,0,Fri
2024-10-26,ICE-VANIL-500,60,4.61,0,Sat
2024-10-27,ICE-VANIL-500,55,4.59,0,Sun
2024-10-28,ICE-VANIL-500,46,4.36,0,Mon
2024-10-29,ICE-VANIL-500,37,4.51,0,Tue
2024-10-30,ICE-VANIL-500,39,4.5,0,Wed
2024-10-31,ICE-VANIL-500,30,4.54,0,Thu
2024-11-01,ICE-VANIL-500,33,4.57,0,Fri
2024-11-02,ICE-VANIL-500,65,4.47,0,Sat
2024-11-03,ICE-VANIL-500,50,4.56,0,Sun
2024-11-04,ICE-VANIL-500,36,4.37,0,Mon
2024-11-05,ICE-VANIL-500,32,4.54,0,Tue
2024-11-06,ICE-VANIL-500,31,4.42,0,Wed
2024-11-07,ICE-VANIL-500,34,4.42,0,Thu
2024-11-08,ICE-VANIL-500,34,4.56,0,Fri
2024-11-09,ICE-VANIL-500,51,4.45,0,Sat
2024-11-10,ICE-VANIL-500,45,4.54,0,Sun
2024-11-11,ICE-VANIL-500,37,4.49,0,Mon
2024-11-12,ICE-VANIL-500,32,4.51,0,Tue
2024-11-13,ICE-VANIL-500,30,4.47,0,Wed
2024-11-14,ICE-VANIL-500,30,4.38,0,Thu
2024-11-15,ICE-VANIL-500,33,4.58,0,Fri
2024-11-16,ICE-VANIL-500,45,4.58,0,Sat
2024-11-17,ICE-VANIL-500,40,4.5,0,Sun
2024-11-18,ICE-VANIL-500,63,3.37,1,Mon
2024-11-19,ICE-VANIL-500,64,3.34,1,Tue
2024-11-20,ICE-VANIL-500,48,3.33,1,Wed
2024-11-21,ICE-VANIL-500,22,4.43,0,Thu
2024-11-22,ICE-VANIL-500,29,4.41,0,Fri
2024-11-23,ICE-VANIL-500,40,4.49,0,Sat
2024-11-24,ICE-VANIL-500,41,4.58,0,Sun
2024-11-25,ICE-VANIL-500,28,4.47,0,Mon
2024-11-26,ICE-VANIL-500,23,4.53,0,Tue
2024-11-27,ICE-VANIL-500,20,4.53,0,Wed
2024-11-28,ICE-VANIL-500,23,4.45,0,Thu
2024-11-29,ICE-VANIL-500,21,4.54,0,Fri
2024-11-30,ICE-VANIL-500,38,4.49,0,Sat
2024-12-01,ICE-VANIL-500,35,4.6,0,Sun
2024-12-02,ICE-VANIL-500,20,4.59,0,Mon
2024-12-03,ICE-VANIL-500,22,4.48,0,Tue
2024-12-04,ICE-VANIL-500,20,4.48,0,Wed
2024-12-05,ICE-VANIL-500,19,4.61,0,Thu
2024-12-06,ICE-VANIL-500,22,4.43,0,Fri
2024-12-07,ICE-VANIL-500,29,4.62,0,Sat
2024-12-08,ICE-VANIL-500,28,4.58,0,Sun
2024-12-09,ICE-VANIL-500,18,4.47,0,Mon
2024-12-10,ICE-VANIL-500,22,4.49,0,Tue
2024-12-11,ICE-VANIL-500,22,4.42,0,Wed
2024-12-12,ICE-VANIL-500,18,4.43,0,Thu
2024-12-13,ICE-VANIL-500,19,4.56,0,Fri
2024-12-14,ICE-VANIL-500,23,4.52,0,Sat
2024-12-15,ICE-VANIL-500,24,4.52,0,Sun
2024-12-16,ICE-VANIL-500,16,4.67,0,Mon
2024-12-17,ICE-VANIL-500,15,4.51,0,Tue
2024-12-18,ICE-VANIL-500,33,3.35,1,Wed
2024-12-19,ICE-VANIL-500,35,3.42,1,Thu
2024-12-20,ICE-VANIL-500,33,3.4,1,Fri
2024-12-21,ICE-VANIL-500,29,4.47,0,Sat
2024-12-22,ICE-VANIL-500,21,4.43,0,Sun
2024-12-23,ICE-VANIL-500,14,4.53,0,Mon
2024-12-24,ICE-VANIL-500,17,4.47,0,Tue
2024-12-25,ICE-VANIL-500,17,4.44,0,Wed
2024-12-26,ICE-VANIL-500,18,4.45,0,Thu
2024-12-27,ICE-VANIL-500,14,4.59,0,Fri
2024-12-28,ICE-VANIL-500,22,4.49,0,Sat
2024-12-29,ICE-VANIL-500,26,4.51,0,Sun
2024-12-30,ICE-VANIL-500,17,4.4,0,Mon
2024-12-31,ICE-VANIL-500,14,4.41,0,Tue
2025-01-01,ICE-VANIL-500,19,4.38,0,Wed
2025-01-02,ICE-VANIL-500,15,4.5,0,Thu
2025-01-03,ICE-VANIL-500,17,4.45,0,Fri
2025-01-04,ICE-VANIL-500,25,4.36,0,Sat
2025-01-05,ICE-VANIL-500,21,4.65,0,Sun
2025-01-06,ICE-VANIL-500,16,4.5,0,Mon
2025-01-07,ICE-VANIL-500,15,4.45,0,Tue
2025-01-08,ICE-VANIL-500,15,4.56,0,Wed
2025-01-09,ICE-VANIL-500,14,4.53,0,Thu
2025-01-10,ICE-VANIL-500,15,4.52,0,Fri
2025-01-11,ICE-VANIL-500,24,4.6,0,Sat
2025-01-12,ICE-VANIL-500,18,4.48,0,Sun
2025-01-13,ICE-VANIL-500,34,3.41,1,Mon
2025-01-14,ICE-VANIL-500,27,3.33,1,Tue
2025-01-15,ICE-VANIL-500,37,3.32,1,Wed
2025-01-16,ICE-VANIL-500,15,4.43,0,Thu
2025-01-17,ICE-VANIL-500,17,4.51,0,Fri
2025-01-18,ICE-VANIL-500,24,4.5,0,Sat
2025-01-19,ICE-VANIL-500,28,4.46,0,Sun
2025-01-20,ICE-VANIL-500,15,4.57,0,Mon
2025-01-21,ICE-VANIL-500,15,4.41,0,Tue
2025-01-22,ICE-VANIL-500,14,4.54,0,Wed
2025-01-23,ICE-VANIL-500,16,4.56,0,Thu
2025-01-24,ICE-VANIL-500,17,4.52,0,Fri
2025-01-25,ICE-VANIL-500,23,4.53,0,Sat
2025-01-26,ICE-VANIL-500,32,4.48,0,Sun
2025-01-27,ICE-VANIL-500,16,4.42,0,Mon
2025-01-28,ICE-VANIL-500,16,4.57,0,Tue
2025-01-29,ICE-VANIL-500,15,4.45,0,Wed
2025-01-30,ICE-VANIL-500,19,4.54,0,Thu
2025-01-31,ICE-VANIL-500,17,4.59,0,Fri
2025-02-01,ICE-VANIL-500,24,4.57,0,Sat
2025-02-02,ICE-VANIL-500,26,4.51,0,Sun
2025-02-03,ICE-VANIL-500,19,4.51,0,Mon
2025-02-04,ICE-VANIL-500,16,4.57,0,Tue
2025-02-05,ICE-VANIL-500,17,4.59,0,Wed
2025-02-06,ICE-VANIL-500,19,4.43,0,Thu
2025-02-07,ICE-VANIL-500,20,4.4,0,Fri
2025-02-08,ICE-VANIL-500,30,4.52,0,Sat
2025-02-09,ICE-VANIL-500,30,4.54,0,Sun
2025-02-10,ICE-VANIL-500,17,4.5,0,Mon
2025-02-11,ICE-VANIL-500,19,4.5,0,Tue
2025-02-12,ICE-VANIL-500,21,4.47,0,Wed
2025-02-13,ICE-VANIL-500,18,4.51,0,Thu
2025-02-14,ICE-VANIL-500,22,4.39,0,Fri
2025-02-15,ICE-VANIL-500,76,3.4,1,Sat
2025-02-16,ICE-VANIL-500,84,3.42,1,Sun
2025-02-17,ICE-VANIL-500,49,3.4,1,Mon
2025-02-18,ICE-VANIL-500,22,4.43,0,Tue
2025-02-19,ICE-VANIL-500,24,4.47,0,Wed
2025-02-20,ICE-VANIL-500,24,4.51,0,Thu
2025-02-21,ICE-VANIL-500,26,4.49,0,Fri
2025-02-22,ICE-VANIL-500,40,4.51,0,Sat
2025-02-23,ICE-VANIL-500,37,4.52,0,Sun
2025-02-24,ICE-VANIL-500,28,4.43,0,Mon
2025-02-25,ICE-VANIL-500,25,4.53,0,Tue
2025-02-26,ICE-VANIL-500,33,4.47,0,Wed
2025-02-27,ICE-VANIL-500,27,4.45,0,Thu
2025-02-28,ICE-VANIL-500,24,4.52,0,Fri
2025-03-01,ICE-VANIL-500,51,4.51,0,Sat
2025-03-02,ICE-VANIL-500,46,4.56,0,Sun
2025-03-03,ICE-VANIL-500,29,4.54,0,Mon
2025-03-04,ICE-VANIL-500,28,4.56,0,Tue
2025-03-05,ICE-VANIL-500,31,4.47,0,Wed
2025-03-06,ICE-VANIL-500,31,4.56,0,Thu
2025-03-07,ICE-VANIL-500,24,4.55,0,Fri
2025-03-08,ICE-VANIL-500,59,4.58,0,Sat
2025-03-09,ICE-VANIL-500,47,4.59,0,Sun
2025-03-10,ICE-VANIL-500,34,4.44,0,Mon
2025-03-11,ICE-VANIL-500,37,4.43,0,Tue
2025-03-12,ICE-VANIL-500,38,4.46,0,Wed
2025-03-13,ICE-VANIL-500,26,4.59,0,Thu
2025-03-14,ICE-VANIL-500,32,4.52,0,Fri
2025-03-15,ICE-VANIL-500,54,4.4,0,Sat
2025-03-16,ICE-VANIL-500,62,4.49,0,Sun
2025-03-17,ICE-VANIL-500,92,3.3,1,Mon
2025-03-18,ICE-VANIL-500,81,3.48,1,Tue
2025-03-19,ICE-VANIL-500,81,3.4,1,Wed
2025-03-20,ICE-VANIL-500,42,4.42,0,Thu
2025-03-21,ICE-VANIL-500,41,4.53,0,Fri
2025-03-22,ICE-VANIL-500,62,4.67,0,Sat
2025-03-23,ICE-VANIL-500,71,4.53,0,Sun
2025-03-24,ICE-VANIL-500,37,4.41,0,Mon
2025-03-25,ICE-VANIL-500,39,4.47,0,Tue
2025-03-26,ICE-VANIL-500,40,4.55,0,Wed
2025-03-27,ICE-VANIL-500,47,4.62,0,Thu
2025-03-28,ICE-VANIL-500,41,4.55,0,Fri
2025-03-29,ICE-VANIL-500,73,4.54,0,Sat
2025-03-30,ICE-VANIL-500,74,4.43,0,Sun
2025-03-31,ICE-VANIL-500,45,4.55,0,Mon
2025-04-01,ICE-VANIL-500,49,4.61,0,Tue
2025-04-02,ICE-VANIL-500,48,4.44,0,Wed
2025-04-03,ICE-VANIL-500,51,4.44,0,Thu
2025-04-04,ICE-VANIL-500,53,4.44,0,Fri
2025-04-05,ICE-VANIL-500,81,4.53,0,Sat
2025-04-06,ICE-VANIL-500,65,4.49,0,Sun
2025-04-07,ICE-VANIL-500,46,4.62,0,Mon
2025-04-08,ICE-VANIL-500,50,4.59,0,Tue
2025-04-09,ICE-VANIL-500,59,4.55,0,Wed
2025-04-10,ICE-VANIL-500,58,4.52,0,Thu
2025-04-11,ICE-VANIL-500,59,4.4,0,Fri
2025-04-12,ICE-VANIL-500,82,4.48,0,Sat
2025-04-13,ICE-VANIL-500,186,3.38,1,Sun
2025-04-14,ICE-VANIL-500,91,3.46,1,Mon
2025-04-15,ICE-VANIL-500,110,3.38,1,Tue
2025-04-16,ICE-VANIL-500,51,4.58,0,Wed
2025-04-17,ICE-VANIL-500,53,4.53,0,Thu
2025-04-18,ICE-VANIL-500,61,4.55,0,Fri
2025-04-19,ICE-VANIL-500,91,4.47,0,Sat
2025-04-20,ICE-VANIL-500,97,4.4,0,Sun
2025-04-21,ICE-VANIL-500,54,4.56,0,Mon
2025-04-22,ICE-VANIL-500,45,4.58,0,Tue
2025-04-23,ICE-VANIL-500,54,4.38,0,Wed
2025-04-24,ICE-VANIL-500,61,4.47,0,Thu
2025-04-25,ICE-VANIL-500,61,4.49,0,Fri
2025-04-26,ICE-VANIL-500,89,4.55,0,Sat
2025-04-27,ICE-VANIL-500,88,4.41,0,Sun
2025-04-28,ICE-VANIL-500,45,4.64,0,Mon
2025-04-29,ICE-VANIL-500,73,4.49,0,Tue
2025-04-30,ICE-VANIL-500,58,4.53,0,Wed
2025-05-01,ICE-VANIL-500,70,4.5,0,Thu
2025-05-02,ICE-VANIL-500,57,4.58,0,Fri
2025-05-03,ICE-VANIL-500,103,4.55,0,Sat
2025-05-04,ICE-VANIL-500,114,4.57,0,Sun
2025-05-05,ICE-VANIL-500,58,4.48,0,Mon
2025-05-06,ICE-VANIL-500,79,4.53,0,Tue
2025-05-07,ICE-VANIL-500,68,4.55,0,Wed
2025-05-08,ICE-VANIL-500,58,4.66,0,Thu
2025-05-09,ICE-VANIL-500,64,4.56,0,Fri
2025-05-10,ICE-VANIL-500,237,3.38,1,Sat
2025-05-11,ICE-VANIL-500,206,3.45,1,Sun
2025-05-12,ICE-VANIL-500,131,3.35,1,Mon
2025-05-13,ICE-VANIL-500,68,4.53,0,Tue
2025-05-14,ICE-VANIL-500,64,4.53,0,Wed
2025-05-15,ICE-VANIL-500,81,4.48,0,Thu
2025-05-16,ICE-VANIL-500,78,4.49,0,Fri
2025-05-17,ICE-VANIL-500,109,4.54,0,Sat
2025-05-18,ICE-VANIL-500,133,4.39,0,Sun
2025-05-19,ICE-VANIL-500,82,4.51,0,Mon
2025-05-20,ICE-VANIL-500,67,4.36,0,Tue
2025-05-21,ICE-VANIL-500,74,4.36,0,Wed
2025-05-22,ICE-VANIL-500,78,4.57,0,Thu
2025-05-23,ICE-VANIL-500,78,4.5,0,Fri
2025-05-24,ICE-VANIL-500,114,4.55,0,Sat
2025-05-25,ICE-VANIL-500,121,4.53,0,Sun
2025-05-26,ICE-VANIL-500,80,4.35,0,Mon
2025-05-27,ICE-VANIL-500,73,4.59,0,Tue
2025-05-28,ICE-VANIL-500,75,4.49,0,Wed
2025-05-29,ICE-VANIL-500,90,4.47,0,Thu
2025-05-30,ICE-VANIL-500,73,4.48,0,Fri
2025-05-31,ICE-VANIL-500,129,4.29,0,Sat
2025-06-01,ICE-VANIL-500,109,4.37,0,Sun
2025-06-02,ICE-VANIL-500,85,4.55,0,Mon
2025-06-03,ICE-VANIL-500,94,4.37,0,Tue
2025-06-04,ICE-VANIL-500,75,4.53,0,Wed
2025-06-05,ICE-VANIL-500,68,4.55,0,Thu
2025-06-06,ICE-VANIL-500,74,4.42,0,Fri
2025-06-07,ICE-VANIL-500,146,4.42,0,Sat
2025-06-08,ICE-VANIL-500,120,4.41,0,Sun
2025-06-09,ICE-VANIL-500,88,4.44,0,Mon
2025-06-10,ICE-VANIL-500,93,4.48,0,Tue
2025-06-11,ICE-VANIL-500,75,4.45,0,Wed
2025-06-12,ICE-VANIL-500,87,4.47,0,Thu
2025-06-13,ICE-VANIL-500,90,4.44,0,Fri
2025-06-14,ICE-VANIL-500,257,3.47,1,Sat
2025-06-15,ICE-VANIL-500,327,3.38,1,Sun
2025-06-16,ICE-VANIL-500,174,3.34,1,Mon
2025-06-17,ICE-VANIL-500,93,4.43,0,Tue
2025-06-18,ICE-VANIL-500,84,4.53,0,Wed
2025-06-19,ICE-VANIL-500,98,4.5,0,Thu
2025-06-20,ICE-VANIL-500,73,4.56,0,Fri
2025-06-21,ICE-VANIL-500,137,4.5,0,Sat
2025-06-22,ICE-VANIL-500,130,4.55,0,Sun
2025-06-23,ICE-VANIL-500,86,4.45,0,Mon
2025-06-24,ICE-VANIL-500,93,4.38,0,Tue
2025-06-25,ICE-VANIL-500,94,4.46,0,Wed
2025-06-26,ICE-VANIL-500,87,4.43,0,Thu
2025-06-27,ICE-VANIL-500,81,4.43,0,Fri
2025-06-28,ICE-VANIL-500,129,4.55,0,Sat
2025-06-29,ICE-VANIL-500,121,4.53,0,Sun
2025-06-30,ICE-VANIL-500,74,4.5,0,Mon
2025-07-01,ICE-VANIL-500,86,4.47,0,Tue
2025-07-02,ICE-VANIL-500,89,4.54,0,Wed
2025-07-03,ICE-VANIL-500,97,4.49,0,Thu
2025-07-04,ICE-VANIL-500,94,4.51,0,Fri
2025-07-05,ICE-VANIL-500,135,4.55,0,Sat
2025-07-06,ICE-VANIL-500,145,4.48,0,Sun
2025-07-07,ICE-VANIL-500,94,4.47,0,Mon
2025-07-08,ICE-VANIL-500,95,4.57,0,Tue
2025-07-09,ICE-VANIL-500,79,4.47,0,Wed
2025-07-10,ICE-VANIL-500,89,4.49,0,Thu
2025-07-11,ICE-VANIL-500,84,4.57,0,Fri
2025-07-12,ICE-VANIL-500,151,4.48,0,Sat
2025-07-13,ICE-VANIL-500,140,4.46,0,Sun
2025-07-14,ICE-VANIL-500,99,4.61,0,Mon
2025-07-15,ICE-VANIL-500,91,4.54,0,Tue
2025-07-16,ICE-VANIL-500,98,4.43,0,Wed
2025-07-17,ICE-VANIL-500,92,4.5,0,Thu
2025-07-18,ICE-VANIL-500,91,4.46,0,Fri
2025-07-19,ICE-VANIL-500,145,4.48,0,Sat
2025-07-20,ICE-VANIL-500,300,3.44,1,Sun
2025-07-21,ICE-VANIL-500,183,3.29,1,Mon
2025-07-22,ICE-VANIL-500,187,3.29,1,Tue
2025-07-23,ICE-VANIL-500,92,4.53,0,Wed
2025-07-24,ICE-VANIL-500,93,4.46,0,Thu
2025-07-25,ICE-VANIL-500,78,4.45,0,Fri
2025-07-26,ICE-VANIL-500,131,4.4,0,Sat
2025-07-27,ICE-VANIL-500,115,4.59,0,Sun
2025-07-28,ICE-VANIL-500,97,4.58,0,Mon
2025-07-29,ICE-VANIL-500,89,4.48,0,Tue
2025-07-30,ICE-VANIL-500,89,4.46,0,Wed
2025-07-31,ICE-VANIL-500,87,4.54,0,Thu
2025-08-01,ICE-VANIL-500,96,4.56,0,Fri
2025-08-02,ICE-VANIL-500,139,4.52,0,Sat
2025-08-03,ICE-VANIL-500,141,4.49,0,Sun
2025-08-04,ICE-VANIL-500,94,4.42,0,Mon
2025-08-05,ICE-VANIL-500,79,4.51,0,Tue
2025-08-06,ICE-VANIL-500,74,4.64,0,Wed
2025-08-07,ICE-VANIL-500,91,4.44,0,Thu
2025-08-08,ICE-VANIL-500,84,4.37,0,Fri
2025-08-09,ICE-VANIL-500,126,4.39,0,Sat
2025-08-10,ICE-VANIL-500,137,4.49,0,Sun
2025-08-11,ICE-VANIL-500,89,4.57,0,Mon
2025-08-12,ICE-VANIL-500,87,4.58,0,Tue
2025-08-13,ICE-VANIL-500,96,4.46,0,Wed
2025-08-14,ICE-VANIL-500,80,4.46,0,Thu
2025-08-15,ICE-VANIL-500,188,3.45,1,Fri
2025-08-16,ICE-VANIL-500,301,3.38,1,Sat
2025-08-17,ICE-VANIL-500,235,3.42,1,Sun
2025-08-18,ICE-VANIL-500,73,4.49,0,Mon
2025-08-19,ICE-VANIL-500,77,4.5,0,Tue
2025-08-20,ICE-VANIL-500,83,4.59,0,Wed
2025-08-21,ICE-VANIL-500,83,4.44,0,Thu
2025-08-22,ICE-VANIL-500,85,4.41,0,Fri
2025-08-23,ICE-VANIL-500,127,4.53,0,Sat
2025-08-24,ICE-VANIL-500,127,4.37,0,Sun
2025-08-25,ICE-VANIL-500,81,4.53,0,Mon
2025-08-26,ICE-VANIL-500,67,4.57,0,Tue
2025-08-27,ICE-VANIL-500,73,4.53,0,Wed
2025-08-28,ICE-VANIL-500,81,4.51,0,Thu
2025-08-29,ICE-VANIL-500,72,4.54,0,Fri
2025-08-30,ICE-VANIL-500,106,4.51,0,Sat
2025-08-31,ICE-VANIL-500,132,4.4,0,Sun
2025-09-01,ICE-VANIL-500,64,4.49,0,Mon
2025-09-02,ICE-VANIL-500,78,4.44,0,Tue
2025-09-03,ICE-VANIL-500,80,4.6,0,Wed
2025-09-04,ICE-VANIL-500,60,4.55,0,Thu
2025-09-05,ICE-VANIL-500,78,4.49,0,Fri
2025-09-06,ICE-VANIL-500,119,4.52,0,Sat
2025-09-07,ICE-VANIL-500,136,4.48,0,Sun
2025-09-08,ICE-VANIL-500,69,4.6,0,Mon
2025-09-09,ICE-VANIL-500,90,4.43,0,Tue
2025-09-10,ICE-VANIL-500,178,3.34,1,Wed
2025-09-11,ICE-VANIL-500,133,3.47,1,Thu
2025-09-12,ICE-VANIL-500,147,3.39,1,Fri
2025-09-13,ICE-VANIL-500,111,4.53,0,Sat
2025-09-14,ICE-VANIL-500,109,4.63,0,Sun
2025-09-15,ICE-VANIL-500,77,4.5,0,Mon
2025-09-16,ICE-VANIL-500,66,4.48,0,Tue
2025-09-17,ICE-VANIL-500,58,4.65,0,Wed
2025-09-18,ICE-VANIL-500,69,4.46,0,Thu
2025-09-19,ICE-VANIL-500,54,4.42,0,Fri
2025-09-20,ICE-VANIL-500,92,4.57,0,Sat
2025-09-21,ICE-VANIL-500,100,4.46,0,Sun
2025-09-22,ICE-VANIL-500,60,4.43,0,Mon
2025-09-23,ICE-VANIL-500,80,4.51,0,Tue
2025-09-24,ICE-VANIL-500,67,4.55,0,Wed
2025-09-25,ICE-VANIL-500,66,4.39,0,Thu
2025-09-26,ICE-VANIL-500,70,4.42,0,Fri
2025-09-27,ICE-VANIL-500,97,4.48,0,Sat
2025-09-28,ICE-VANIL-500,90,4.49,0,Sun
2025-09-29,ICE-VANIL-500,67,4.39,0,Mon
2025-09-30,ICE-VANIL-500,55,4.4,0,Tue
2025-10-01,ICE-VANIL-500,56,4.48,0,Wed
2025-10-02,ICE-VANIL-500,64,4.51,0,Thu
2025-10-03,ICE-VANIL-500,59,4.51,0,Fri
2025-10-04,ICE-VANIL-500,97,4.5,0,Sat
2025-10-05,ICE-VANIL-500,97,4.37,0,Sun
2025-10-06,ICE-VANIL-500,51,4.43,0,Mon
2025-10-07,ICE-VANIL-500,53,4.5,0,Tue
2025-10-08,ICE-VANIL-500,60,4.54,0,Wed
2025-10-09,ICE-VANIL-500,58,4.34,0,Thu
2025-10-10,ICE-VANIL-500,55,4.63,0,Fri
2025-10-11,ICE-VANIL-500,80,4.59,0,Sat
2025-10-12,ICE-VANIL-500,163,3.3,1,Sun
2025-10-13,ICE-VANIL-500,121,3.41,1,Mon
2025-10-14,ICE-VANIL-500,111,3.33,1,Tue
2025-10-15,ICE-VANIL-500,41,4.51,0,Wed
2025-10-16,ICE-VANIL-500,59,4.47,0,Thu
2025-10-17,ICE-VANIL-500,46,4.64,0,Fri
2025-10-18,ICE-VANIL-500,68,4.62,0,Sat
2025-10-19,ICE-VANIL-500,59,4.44,0,Sun
2025-10-20,ICE-VANIL-500,44,4.56,0,Mon
2025-10-21,ICE-VANIL-500,45,4.65,0,Tue
2025-10-22,ICE-VANIL-500,37,4.51,0,Wed
2025-10-23,ICE-VANIL-500,42,4.6,0,Thu
2025-10-24,ICE-VANIL-500,35,4.49,0,Fri
2025-10-25,ICE-VANIL-500,74,4.56,0,Sat
2025-10-26,ICE-VANIL-500,69,4.46,0,Sun
2025-10-27,ICE-VANIL-500,47,4.52,0,Mon
2025-10-28,ICE-VANIL-500,50,4.5,0,Tue
2025-10-29,ICE-VANIL-500,39,4.48,0,Wed
2025-10-30,ICE-VANIL-500,31,4.46,0,Thu
2025-10-31,ICE-VANIL-500,46,4.44,0,Fri
2025-11-01,ICE-VANIL-500,57,4.51,0,Sat
2025-11-02,ICE-VANIL-500,48,4.52,0,Sun
2025-11-03,ICE-VANIL-500,41,4.48,0,Mon
2025-11-04,ICE-VANIL-500,34,4.54,0,Tue
2025-11-05,ICE-VANIL-500,43,4.56,0,Wed
2025-11-06,ICE-VANIL-500,40,4.47,0,Thu
2025-11-07,ICE-VANIL-500,30,4.39,0,Fri
2025-11-08,ICE-VANIL-500,55,4.54,0,Sat
2025-11-09,ICE-VANIL-500,51,4.51,0,Sun
2025-11-10,ICE-VANIL-500,38,4.48,0,Mon
2025-11-11,ICE-VANIL-500,32,4.61,0,Tue
2025-11-12,ICE-VANIL-500,40,4.39,0,Wed
2025-11-13,ICE-VANIL-500,35,4.54,0,Thu
2025-11-14,ICE-VANIL-500,40,4.51,0,Fri
2025-11-15,ICE-VANIL-500,52,4.5,0,Sat
2025-11-16,ICE-VANIL-500,49,4.37,0,Sun
2025-11-17,ICE-VANIL-500,31,4.45,0,Mon
2025-11-18,ICE-VANIL-500,60,3.39,1,Tue
2025-11-19,ICE-VANIL-500,55,3.46,1,Wed
2025-11-20,ICE-VANIL-500,66,3.35,1,Thu
2025-11-21,ICE-VANIL-500,32,4.41,0,Fri
2025-11-22,ICE-VANIL-500,42,4.54,0,Sat
2025-11-23,ICE-VANIL-500,41,4.63,0,Sun
2025-11-24,ICE-VANIL-500,24,4.52,0,Mon
2025-11-25,ICE-VANIL-500,27,4.38,0,Tue
2025-11-26,ICE-VANIL-500,26,4.47,0,Wed
2025-11-27,ICE-VANIL-500,19,4.55,0,Thu
2025-11-28,ICE-VANIL-500,22,4.42,0,Fri
2025-11-29,ICE-VANIL-500,36,4.59,0,Sat
2025-11-30,ICE-VANIL-500,35,4.46,0,Sun
2025-12-01,ICE-VANIL-500,23,4.56,0,Mon
2025-12-02,ICE-VANIL-500,19,4.51,0,Tue
2025-12-03,ICE-VANIL-500,24,4.58,0,Wed
2025-12-04,ICE-VANIL-500,26,4.53,0,Thu
2025-12-05,ICE-VANIL-500,23,4.48,0,Fri
2025-12-06,ICE-VANIL-500,36,4.55,0,Sat
2025-12-07,ICE-VANIL-500,35,4.48,0,Sun
2025-12-08,ICE-VANIL-500,24,4.46,0,Mon
2025-12-09,ICE-VANIL-500,21,4.56,0,Tue
2025-12-10,ICE-VANIL-500,17,4.62,0,Wed
2025-12-11,ICE-VANIL-500,25,4.48,0,Thu
2025-12-12,ICE-VANIL-500,17,4.47,0,Fri
2025-12-13,ICE-VANIL-500,32,4.59,0,Sat
2025-12-14,ICE-VANIL-500,35,4.42,0,Sun
2025-12-15,ICE-VANIL-500,17,4.43,0,Mon
2025-12-16,ICE-VANIL-500,18,4.49,0,Tue
2025-12-17,ICE-VANIL-500,19,4.42,0,Wed
2025-12-18,ICE-VANIL-500,20,4.43,0,Thu
2025-12-19,ICE-VANIL-500,20,4.5,0,Fri
2025-12-20,ICE-VANIL-500,55,3.35,1,Sat
2025-12-21,ICE-VANIL-500,63,3.31,1,Sun
2025-12-22,ICE-VANIL-500,41,3.45,1,Mon
2025-12-23,ICE-VANIL-500,20,4.45,0,Tue
2025-12-24,ICE-VANIL-500,20,4.42,0,Wed
2025-12-25,ICE-VANIL-500,19,4.47,0,Thu
2025-12-26,ICE-VANIL-500,16,4.54,0,Fri
2025-12-27,ICE-VANIL-500,24,4.52,0,Sat
2025-12-28,ICE-VANIL-500,30,4.49,0,Sun
2025-12-29,ICE-VANIL-500,16,4.77,0,Mon
2025-12-30,ICE-VANIL-500,15,4.5,0,Tue
